"decision_id","decision_summary","requirement_ids","strategy_source","identity_artifacts","identity_effect","remaining_gate"
"D-001","Preserve repository and protected prototype evidence","OPS-002;UX-009","03-BRAND_STRATEGY.md;06-reference-accessibility-and-implementation.md","README.md;01-identity-principles.md;06-motion-sound-and-3d.md","No prototype or GLB geometry, material, or layout is reused; identity writes are isolated.","MA-004 and later 3D asset approval remain"
"D-002","Definition before application development","OPS-003","README.md","README.md;BRAND_IDENTITY.md;handoff.md","Identity is definition and local review evidence only, with no UI or application code.","Complete Phase 1 founder acceptance before implementation"
"D-003","Codex-native phased delivery and independent review","OPS-001","README.md;producer-inspection.md","README.md;validation/validate-brand-identity.ps1;producer-inspection.md;handoff.md","Producer creates, validates, and inspects; independent design/accessibility review and founder approval remain separate.","Clean independent reviews and founder choice"
"D-004","Newest mutually compatible stable technology","OPS-004;OPS-005;OPS-006;OPS-007","06-reference-accessibility-and-implementation.md","04-color-and-typography.md;semantic-tokens.json","Identity selects no dependency or exact implementation version and uses dependency-free local specimens.","Compatibility and later implementation evidence"
"D-005","Audience, sector order, custom discovery, qualified booking","BR-001;BR-002;BR-003;BR-004;BR-009;FR-004;FR-005;FR-019","01-audience-and-buying-context.md;04-messaging-architecture.md","05-imagery-iconography-and-data.md;07-accessibility-seo-and-applications.md;visual-boards/index.html","Identity supports enterprise decision clarity, agriculture-first/mining-second context, defense quarantine, and direct booking.","Sector evidence, booking operations, and publication approval"
"D-006","Premium identity without unsupported superiority","BR-006;BR-007;SEO-009","02-strategic-directions.md;03-BRAND_STRATEGY.md;05-naming-claims-and-terminology.md","BRAND_IDENTITY.md;02-visual-directions.md;03-logo-system.md;04-color-and-typography.md","Creates an original premium system from Evidence in Motion while prohibiting novelty and superiority claims.","Founder mark selection and trademark/legal clearance"
"D-007","Verified Work separated from Hengshi-owned Demos","BR-007;BR-008;PUB-006;PUB-007;SEO-011","03-BRAND_STRATEGY.md;04-messaging-architecture.md","04-color-and-typography.md;05-imagery-iconography-and-data.md;visual-boards/index.html","Distinct text, shape, line, and color evidence encodings prevent proof-type ambiguity.","MA-003 and per-item evidence/publication approval"
"D-008","Semantic HTML and equivalent Quick Access","FR-001;FR-002;SEO-001;SEO-007;UX-002","03-BRAND_STRATEGY.md;06-reference-accessibility-and-implementation.md","README.md;01-identity-principles.md;06-motion-sound-and-3d.md;07-accessibility-seo-and-applications.md;visual-boards/index.html","Full semantic text and Quick Access are primary and equivalent to optional immersive expression.","Later UX, accessibility, SEO, and implementation evidence"
"D-009","Stable canonical content routes and English launch","BR-010;FR-017;FR-018;SEO-004;SEO-010;SEO-012","04-messaging-architecture.md;05-naming-claims-and-terminology.md","05-imagery-iconography-and-data.md;07-accessibility-seo-and-applications.md","Full Hengshi Design name, exact taxonomy, plain global English, and truthful social/media rules support entity clarity.","Per-route content, evidence, and publication approval"
"D-010","Five wings, ten formal services, shared spaces","BR-005;FR-001;FR-017;UX-008","04-messaging-architecture.md;05-naming-claims-and-terminology.md","01-identity-principles.md;05-imagery-iconography-and-data.md;06-motion-sound-and-3d.md","Formal titles remain semantic authority; no concise campus sign names are selected.","Any shorthand requires UX/identity test and founder approval"
"D-011","Foundation launches before wings","BR-011;BR-012;FR-003;AI-009;NFR-008","04-messaging-architecture.md;05-naming-claims-and-terminology.md","06-motion-sound-and-3d.md;07-accessibility-seo-and-applications.md","Motion timing and transparent unavailable states support a skippable foundation without implying open wings or live AI.","Later motion, 3D, AI, and release gates"
"D-012","Directed exploration and accessible recovery","FR-012;FR-013;FR-014;UX-001;UX-002;UX-003;UX-004;UX-005;UX-006;UX-007;UX-008","03-BRAND_STRATEGY.md;06-reference-accessibility-and-implementation.md","04-color-and-typography.md;05-imagery-iconography-and-data.md;06-motion-sound-and-3d.md;07-accessibility-seo-and-applications.md","Keyboard, screen-reader, reduced-motion, non-WebGL, low-power, asset-failure, opt-in audio, and recovery behavior are explicit.","Independent accessibility/UX/motion/3D review"
"D-013","Protect old GLB and require proven Blender replacement","UX-009;UX-010;PUB-006","06-reference-accessibility-and-implementation.md","README.md;05-imagery-iconography-and-data.md;06-motion-sound-and-3d.md;asset-manifest.json","No old geometry or material is used; 3D implications are textual only.","MA-004 and later Blender provenance/approval"
"D-014","Azure target and immutable delivery","DATA-001;DATA-002;OPS-010;OPS-012","03-BRAND_STRATEGY.md","01-identity-principles.md;05-imagery-iconography-and-data.md","Identity avoids provider-led positioning and does not convert future operational targets into current assurance.","Architecture, deployment, and evidence gates"
"D-015","Approved-knowledge AI policy routing","AI-001;AI-002;AI-003;AI-004;AI-005;AI-006;AI-007;AI-008","03-BRAND_STRATEGY.md;05-naming-claims-and-terminology.md","05-imagery-iconography-and-data.md;07-accessibility-seo-and-applications.md","AI is visibly labeled; sparkle/magic tropes and operational/accuracy/security claims are prohibited.","Provider, grounding, security, privacy, and publication evidence"
"D-016","Anonymous help, explicit human availability, and booking","FR-005;FR-008;FR-009;FR-010;FR-011;FR-019","04-messaging-architecture.md;05-naming-claims-and-terminology.md","05-imagery-iconography-and-data.md;07-accessibility-seo-and-applications.md","Icons and copy require honest AI/human availability; direct booking remains independent.","MA-006 and later help/booking capability evidence"
"D-017","Consent, retention, deletion, no training, aggregate analytics","DATA-003;DATA-004;DATA-005;DATA-006;DATA-007;DATA-008;DATA-009;SEC-009","04-messaging-architecture.md;05-naming-claims-and-terminology.md","05-imagery-iconography-and-data.md;07-accessibility-seo-and-applications.md","Identity avoids privacy assurance and defines only transparent consent/status/media treatment.","MA-002 and independent legal/privacy/security review"
"D-018","Entra roles, break-glass, secure sessions and controls","SEC-001;SEC-002;SEC-003;SEC-004;SEC-005;SEC-006;SEC-007;SEC-008;SEC-009;SEC-010","03-BRAND_STRATEGY.md;05-naming-claims-and-terminology.md","04-color-and-typography.md;07-accessibility-seo-and-applications.md","Trust/status visuals cannot turn requirements into certification, compliance, or current security assurance.","Independent security evidence and founder publication approval"
"D-019","Atomic publication and draft isolation","PUB-001;PUB-002;PUB-003;PUB-004;PUB-005;PUB-006;PUB-007","03-BRAND_STRATEGY.md;04-messaging-architecture.md","05-imagery-iconography-and-data.md;07-accessibility-seo-and-applications.md;asset-manifest.json","Media, social, semantic, immersive, and evidence states require one approved release and fail closed.","Per-release specialist review and founder approval"
"D-020","Performance, availability, recovery, and measured targets","NFR-001;NFR-002;NFR-003;NFR-004;NFR-005;NFR-006;NFR-007","03-BRAND_STRATEGY.md;06-reference-accessibility-and-implementation.md","06-motion-sound-and-3d.md;07-accessibility-seo-and-applications.md","Identity preserves lightweight Quick Access and labels targets as targets rather than achievements.","Later QA, performance, recovery, and deployment evidence"
"D-021","Dependency governance, SBOM, licenses, and canaries","OPS-006;OPS-007;OPS-012;OPS-013","06-reference-accessibility-and-implementation.md","04-color-and-typography.md;asset-manifest.json","No dependency or font asset is added; all local assets have provenance, status, and checksum.","Later supply-chain and release review"
"D-022","Paid and external actions separately gated","SEC-008;OPS-014","README.md;05-naming-claims-and-terminology.md","README.md;04-color-and-typography.md;05-imagery-iconography-and-data.md;handoff.md","No paid font/asset, generation, external write, credential, upload, or publication is performed.","Each paid/external action requires approval"
"D-023","Phases execute in approved order","BR-012;OPS-009;OPS-015","README.md;producer-inspection.md","README.md;producer-inspection.md;handoff.md","Identity is a bounded Phase 1 slice and opens no later phase.","Complete Phase 1 founder acceptance"
"D-024","Phase 0 accepted and Phase 1 definition opened","OPS-003;OPS-015","README.md","README.md;producer-inspection.md","Only project-scoped identity definition and validation evidence are created.","No application, Git, publication, or deployment authority"
"D-025","Foundation accepted and industries retained","BR-001;BR-002;BR-003;BR-005;BR-006;BR-007;BR-008;SEO-004","README.md;03-BRAND_STRATEGY.md","README.md;05-imagery-iconography-and-data.md;07-accessibility-seo-and-applications.md","Accepted audience, routes, proof, service, and sector boundaries control the identity.","Complete Phase 1 and per-content gates remain"
"D-026","Evidence in Motion strategy approved","BR-006;BR-007;UX-001;UX-002;UX-004;UX-007","02-strategic-directions.md;03-BRAND_STRATEGY.md;06-reference-accessibility-and-implementation.md","BRAND_IDENTITY.md;01-identity-principles.md;02-visual-directions.md;04-color-and-typography.md;05-imagery-iconography-and-data.md;06-motion-sound-and-3d.md","The complete Signal Ledger identity system remains the Evidence in Motion expression; category and promise remain exact.","Independent review, founder identity selection, and trademark clearance"
"D-027","Retain Signal Ledger system and replace rejected logo with reconciled Quiet Framework-derived family","BR-006;BR-008;SEO-009;UX-001;UX-002;OPS-001;OPS-002;OPS-003;OPS-015","DECISIONS.md;docs/decisions-log/README.md;docs/change-requests/CR-001-brand-logo-hybrid.md","02-visual-directions.md;03-logo-system.md;BRAND_IDENTITY.md;geometry-spec.json;semantic-tokens.json;visual-boards/index.html;archive/iteration-2-signal-ledger-logo/baseline-inventory.json","Framework Relay derives from open Quiet Framework modules and integrates a non-diagonal stepped Signal Ledger relay; the old logo is archived and not current.","Independent iteration-3 review, exact founder selection, trademark clearance, and publication approval"
"CR-001","Final bounded hybrid identity revision and protected iteration-2 baseline","BR-006;BR-008;SEO-009;UX-001;UX-002;OPS-001;OPS-002;OPS-003;OPS-015","docs/change-requests/CR-001-brand-logo-hybrid.md","README.md;handoff.md;producer-inspection.md;validation/validate-brand-identity.ps1;archive/iteration-2-signal-ledger-logo/README.md;archive/iteration-2-signal-ledger-logo/baseline-inventory.json","Producer iteration 3 of 3 preserves prior review evidence, closes R-020 with direct labels, and presents one current hybrid without an A/B/C selection gate.","No iteration 4; non-pass review requires recorded findings and founder decision"
