"primitive_id","primitive_name","primitive_category","interaction_class","required_anatomy","required_variants","stream_presence","pseudo_states","transactional_or_content_states","state_redundancy","responsive_and_mode_obligations","reference_templates_or_flows","source_decisions","source_requirements","source_ux_tests","source_actions","implementation_evidence_expectations","gated_facts"
"PRIM-001","Public semantic shell","shell_navigation","composite_interactive","skip link;entity lockup;primary navigation;utility navigation;main landmark;page status region;footer;attribution notice link to /credits;direct Book access;delivery stream control;stream fieldset;stream legend naming delivery stream control and in-force stream;four native stream radio inputs sharing one name;separate always-present Apply submit button;persistent visible stream advisement inside fieldset before Apply in DOM reading and visual order","public;no_script;offline;unsupported_browser;prior_release;stream_high;stream_medium;stream_low;stream_semantic","S-HIGH;S-LOW;S-MEDIUM;S-SEMANTIC","base;hover;focus-visible;pressed;disabled","loading;offline;error;unavailable;current;stream-preference-write-failed;stream-in-force;stream-pending","visible text plus shape icon border pattern or position;never color only","12/6/4 grid;320 CSS px;400% zoom;text spacing;forced colors;grayscale;reduced motion;unavailable font or image;complete initial semantic content before script;delivery stream control present and keyboard operable in every stream including S-SEMANTIC;stream change announced politely in the page status region without moving focus;WCAG 2.2 Level AA target for all applicable full pages and complete processes including third-party steps;definition and reference designs do not establish conformance;current latest two stable evergreen releases;Safari/iOS 16.4 minimum legacy floor;semantic Quick Access for below-floor or otherwise unsupported clients;stream group accessible name reports in-force stream until explicit submit;checked stream radio reports pending selection independently of in-force stream;stream radio names use peer vocabulary without lesser-choice labels;above-ceiling stream radios remain present with textual unavailability;Apply accessible name states it applies the selection and differs from group and radio names;stream selection by arrow Tab pointer or touch changes only checked state without applying reloading transitioning or other accessibility-tree changes;stream applies only on explicit Apply activation by Enter Space pointer or touch or native Enter submission of the same form;stream never applies on focus selection blur or timeout;stream advisement is programmatically associated with both fieldset and Apply;stream advisement explains re-entry into the chosen stream while preserving current location;stream advisement uses identical visible wording in every stream and is not tooltip title hover-only focus-only or accessible-description-only","entity;service_collection;service_wing;service;industry_collection;industry;verified_work_collection;verified_work_detail;demo_collection;demo_detail;insight_collection;article;expert_collection;person;trust_collection;trust_topic;about;attribution;contact;booking;J-01;J-03;J-04","D-025;D-026;D-035;D-036;D-008;D-009","BR-001;BR-005;FR-001;FR-005;SEO-001;SEO-004;UX-001;UX-002;UX-003;NFR-001;NFR-006","UXTEST-001;UXTEST-002;UXTEST-004;UXTEST-021;UXTEST-022;UXTEST-023;UXTEST-024;UXTEST-044","ACT-01;ACT-02;ACT-09;ACT-11;ACT-20","Approved reference frames plus semantic landmark and keyboard evidence;later rendered parity against token map;dated current-version browser matrix;Safari mobile layout input and safe-area evidence;unsupported-client semantic Quick Access recovery;Stream control review states announcements on group entry pending-radio change and reaching Apply;Stream advisement review covers sighted mouse keyboard without AT screen reader and 400% magnifier before operation","Exact public copy;legal entity facts;contacts;content owners;route activation remain gated"
"PRIM-002","Primary navigation and narrow disclosure","shell_navigation","composite_interactive","menu trigger;navigation label;destination list;current item;Book item;close action","wide_inline;narrow_disclosure;staff_separate","S-HIGH;S-LOW;S-MEDIUM;S-SEMANTIC","base;hover;focus-visible;pressed;disabled","expanded;collapsed;current;unavailable","visible text plus shape icon border pattern or position;never color only","DOM order unchanged across widths;focus enters and returns;no overlap at 320 CSS px or 400% zoom;forced-colors boundary;Book reachable without disclosure where feasible","all_public_route_families;J-01;DF-01","D-025;D-026;D-035;D-036;D-008","FR-001;FR-005;FR-014;SEO-001;UX-003","UXTEST-004;UXTEST-021;UXTEST-022;UXTEST-023;UXTEST-039","ACT-01","Reference metadata for disclosure states;keyboard sequence;focus return;touch target measurement;later browser evidence","Final navigation copy and route publication state remain gated"
"PRIM-003","Breadcrumb trail","shell_navigation","interactive","navigation label;ordered ancestor links;current page text","public;staff;collapsed_overflow_only_if_reviewed","S-HIGH;S-LOW;S-MEDIUM;S-SEMANTIC","base;hover;focus-visible;pressed;disabled","current;loading;stale;unavailable","visible text plus shape icon border pattern or position;never color only","Wrap in reading order;no horizontal loss at 320 CSS px or 400% zoom;separator exposed decoratively only;forced-colors visible","service_wing;service;industry;verified_work_detail;demo_detail;article;person;trust_topic;booking;J-01;J-04;PF-01","D-025;D-026;D-035;D-036;D-009","SEO-005;UX-001;UX-003","UXTEST-001;UXTEST-021;UXTEST-022;UXTEST-023","ACT-02","Reference state set plus landmark/name/order and later canonical-link verification","Final route titles and retired-route policy remain gated"
"PRIM-004","Directory and search","shell_navigation","composite_interactive","open control;dialog or panel heading;search label/input;clear;group navigation;status;close","semantic_header;world_HUD;static_directory_index","S-HIGH;S-LOW;S-MEDIUM;S-SEMANTIC","base;hover;focus-visible;pressed;disabled","loading;empty;error;offline;success;stale;unavailable","visible text plus shape icon border pattern or position;never color only","Narrow full-width reflow;visible close and clear;focus containment only when modal;reduced-motion open;forced-colors fields;static directory without derived index","all_public_route_families;DF-01;EXCL-INTERNAL-SEARCH","D-025;D-026;D-035;D-036;D-008;D-017","FR-001;FR-014;SEO-003;UX-003;DATA-008","UXTEST-008;UXTEST-021;UXTEST-022;UXTEST-023;UXTEST-024;UXTEST-039","ACT-03;ACT-04","Reference variants with empty/no-result/index-failure;keyboard focus loop or nonmodal order;later query privacy and canonical-link tests","Raw query analytics;URL query model;ranking;search provider remain gated"
"PRIM-005","Directory result row","content_evidence","interactive","type label;formal title;context;evidence or availability state;canonical link;World stream location","canonical_only;canonical_plus_optional_location;closed_room","S-HIGH;S-LOW;S-MEDIUM;S-SEMANTIC","base;hover;focus-visible;pressed;disabled","loading;success;held;stale;unavailable;empty","visible text plus shape icon border pattern or position;never color only","Stack labels without truncation;24 by 24 target or documented exception;forced colors and grayscale retain type/state;no hover-only preview","all_public_route_families;DF-01","D-025;D-026;D-035;D-036","FR-001;FR-014;SEO-004;SEO-007;UX-003;UX-008","UXTEST-003;UXTEST-008;UXTEST-021;UXTEST-024;UXTEST-038;UXTEST-039","ACT-04;ACT-05","Reference row states and canonical mappings;later release-checksum and keyboard activation evidence","Search ranking;room open state;summary copy;content approval remain gated"
"PRIM-006","Excluded-surface guard and safe destination","shell_navigation","composite_interactive","plain status heading;non-disclosing explanation;safe destination links;retry or sign-in only where applicable","world;admin;nonpublic_publication;chat_session;internal_search;tracking_variant;filter_sort_variant;staging;defense_absent","S-HIGH;S-LOW;S-MEDIUM;S-SEMANTIC","base;hover;focus-visible;pressed;disabled","permission_denied;not_found;retired;expired;offline;unavailable;held","visible text plus shape icon border pattern or position;never color only","Semantic and readable without script;no gated detail leaks at any width;focus on status heading;safe links survive forced colors and unavailable assets","EXCL-WORLD;EXCL-ADMIN;EXCL-NONPUBLIC-PUBLICATION;EXCL-CHAT-SESSIONS;EXCL-INTERNAL-SEARCH;EXCL-TRACKING-PARAMETERS;EXCL-FILTER-SORT-VARIANTS;EXCL-STAGING;EXCL-DEFENSE","D-025;D-026;D-035;D-036;D-009;D-017;D-019","BR-009;SEO-003;PUB-004;SEC-002;SEC-009;UX-001","UXTEST-002;UXTEST-010;UXTEST-027;UXTEST-028;UXTEST-044","ACT-02;ACT-17;ACT-33","Reference for all nine safe outcomes;later authorization and indexing negative tests","Defense details;draft existence;account existence;staging access rules;retired-route copy remain gated"
"PRIM-007","Evidence state label","content_evidence","static","visible state label;frozen marker;frozen line pattern;surface-safe color;source or limitation context","verified;demo;proposed;conditional;unavailable;error","S-HIGH;S-LOW;S-MEDIUM;S-SEMANTIC","not_applicable","verified;demo;proposed;conditional;held;unavailable;error","visible text plus shape icon border pattern or position;never color only","Full labels wrap;marker and pattern survive grayscale and forced colors;minimum meaningful text size;unavailable font keeps distinction","verified_work_collection;verified_work_detail;demo_collection;demo_detail;insight_collection;article;expert_collection;person;trust_collection;trust_topic;service;industry;J-03;J-04","D-025;D-026;D-035;D-036;D-007","BR-007;BR-008;PUB-006;PUB-007;UX-001","UXTEST-003;UXTEST-010;UXTEST-024;UXTEST-026","ACT-13;ACT-38","Exact frozen token and grammar comparison;contrast in every surface mode;later evidence predicate test","Verified status;evidence source;review date;rights;owner;assurance state remain gated per item"
"PRIM-008","Release and availability label","content_evidence","status_announced","plain status;scope;last authoritative state;limitation;next safe action","planned;active;prior_active;candidate_nonpublic;closed;held_content;opening;open;unavailable","S-HIGH;S-LOW;S-MEDIUM;S-SEMANTIC","not_applicable","loading;pending;success;held;stale;unavailable;error","visible text plus shape icon border pattern or position;never color only","Persistent text at reflow;no animated-only transition;forced colors retain boundary;status announcement does not steal focus","service_wing;service;DF-01;PF-01;SOF-01A;SOF-01B","D-025;D-026;D-035;D-036;D-011;D-019","BR-011;BR-012;FR-002;PUB-001;PUB-005;UX-008","UXTEST-003;UXTEST-029;UXTEST-031;UXTEST-038;UXTEST-040","ACT-05;ACT-38;ACT-39;ACT-41;ACT-42","Reference state sheet and one-to-one wayfinding map;later checksum and announcement evidence","Actual release activation;opening wording;staff availability;response expectation remain gated"
"PRIM-009","Collection template","content_evidence","composite_interactive","decision header;collection purpose;availability state;filters if approved;item region;empty or held explanation;next actions","work;demos;insights;experts;trust;services;industries","S-HIGH;S-LOW;S-MEDIUM;S-SEMANTIC","base;hover;focus-visible;pressed;disabled","loading;empty;held;error;offline;success;stale","visible text plus shape icon border pattern or position;never color only","One-column reading order at narrow widths;local filters only;cards or rows reflow;empty state remains useful;no image dependency","service_collection;industry_collection;verified_work_collection;demo_collection;insight_collection;expert_collection;trust_collection;J-03;J-04","D-025;D-026;D-035;D-036;D-007;D-009","BR-005;BR-008;FR-017;SEO-004;PUB-006;PUB-007;UX-001","UXTEST-002;UXTEST-004;UXTEST-023;UXTEST-024;UXTEST-026","ACT-02;ACT-04;ACT-13","Reference templates for each collection and truthful empty/held states;later route and content evidence checks","Collection publication choice;items;filters;owners;sources;rights remain gated"
"PRIM-010","Collection item card or row","content_evidence","interactive","classification;formal title;summary;source or owner slot;evidence state;limitation;canonical action","work;demo;insight;expert;trust;service;industry;empty_placeholder_not_allowed","S-HIGH;S-LOW;S-MEDIUM;S-SEMANTIC","base;hover;focus-visible;pressed;disabled","loading;held;unavailable;stale;error;success","visible text plus shape icon border pattern or position;never color only","Card never becomes only link semantics;title and label wrap;list alternative;focus visible beyond shadow;asset failure preserves content","service_collection;industry_collection;verified_work_collection;demo_collection;insight_collection;expert_collection;trust_collection;J-03;J-04","D-025;D-026;D-035;D-036;D-007","BR-007;BR-008;FR-017;PUB-006;PUB-007;UX-001","UXTEST-021;UXTEST-023;UXTEST-024;UXTEST-026;UXTEST-039","ACT-02;ACT-13","Reference variants using structural fixtures;later canonical link and evidence-label tests","Item existence;image;person;client;outcome;owner;rights;review state remain gated"
"PRIM-011","Detail decision module","content_evidence","composite_interactive","breadcrumb;formal title;type and state;decision context;scope;limitations;sources;relationships;primary action","work_detail;demo_detail;article;person;trust_topic;about","S-HIGH;S-LOW;S-MEDIUM;S-SEMANTIC","base;hover;focus-visible;pressed;disabled","loading;held;unavailable;stale;error;success","visible text plus shape icon border pattern or position;never color only","Open sections preferred over nested cards;long sources wrap;reading order fixed;print and unavailable media retain complete meaning","verified_work_detail;demo_detail;article;person;trust_topic;about;J-03;J-04","D-025;D-026;D-035;D-036;D-007;D-019","BR-006;BR-007;BR-008;FR-017;SEO-005;SEO-006;PUB-006;PUB-007","UXTEST-001;UXTEST-003;UXTEST-004;UXTEST-024;UXTEST-026","ACT-02;ACT-13","Reference detail templates;later visible-content versus metadata and source parity checks","Detail copy;claims;people;rights;reviewers;dates;structured data remain gated"
"PRIM-012","Service wing and service decision unit","content_evidence","composite_interactive","formal title;concise sign mapping;context;scope;boundaries;release state;evidence;related Trust and content;Book","wing;service;closed;held_content;opening;open","S-HIGH;S-LOW;S-MEDIUM;S-SEMANTIC","base;hover;focus-visible;pressed;disabled","loading;held;unavailable;stale;error;success;current","visible text plus shape icon border pattern or position;never color only","All five wing and ten service names wrap without abbreviation;12/6/4 grid;formal title remains semantic;closed space retains canonical route","service_wing;service;ROUTE-WING-AI-DATA;ROUTE-SERVICE-AI-AUTOMATION;ROUTE-SERVICE-DATA-ANALYTICS;ROUTE-WING-STRATEGY;ROUTE-SERVICE-STRATEGY-ARCHITECTURE;ROUTE-WING-IMMERSIVE;ROUTE-SERVICE-SPATIAL;ROUTE-SERVICE-CREATIVE;ROUTE-WING-DIGITAL;ROUTE-SERVICE-PLATFORM-PRODUCT;ROUTE-SERVICE-PRODUCT-EXPERIENCE;ROUTE-SERVICE-COMMERCE-GROWTH;ROUTE-WING-CLOUD-TRUST;ROUTE-SERVICE-CLOUD-RELIABILITY;ROUTE-SERVICE-SECURITY-TRUST;J-01;J-02;J-03;DF-01","D-025;D-026;D-035;D-036;D-010;D-011","BR-004;BR-005;BR-011;BR-012;FR-001;FR-017;UX-008","UXTEST-002;UXTEST-003;UXTEST-004;UXTEST-023;UXTEST-038","ACT-02;ACT-05;ACT-13;ACT-20","Fifteen mapped reference variants and exact title/sign evidence;later release-order and parity tests","Scope;delivery evidence;owner;opening copy;room state remain gated"
"PRIM-013","Industry intersection unit","content_evidence","composite_interactive","sector title;reviewed context slot;related services;evidence state;limitations;expert slot;Book","industry_collection;agriculture;mining;held_context","S-HIGH;S-LOW;S-MEDIUM;S-SEMANTIC","base;hover;focus-visible;pressed;disabled","loading;empty;held;unavailable;error;success","visible text plus shape icon border pattern or position;never color only","Avoid image-led dependence;service links reflow;no directional or stereotype cue;long context and empty proof remain usable","industry_collection;industry;J-03","D-025;D-026;D-035;D-036;D-005","BR-003;BR-007;FR-017;SEO-004;UX-001","UXTEST-002;UXTEST-004;UXTEST-023;UXTEST-026","ACT-02;ACT-13;ACT-20","Agriculture and Mining structural references with held-proof state;later specialist and cultural review","Sector claims;history;experts;imagery;service fit evidence remain gated"
"PRIM-014","Primary booking CTA","actions_input","interactive","visible action label;optional context;state text;focus indicator","global;contextual;compact;inverse","S-HIGH;S-LOW;S-MEDIUM;S-SEMANTIC","base;hover;focus-visible;pressed;disabled","loading;pending;success;error;offline;unavailable","visible text plus shape icon border pattern or position;never color only","Remains reachable at 320 CSS px and 400% zoom;not obscured by sticky UI;24 by 24 target minimum;forced-colors border;reduced-motion stable","all_public_route_families;J-01;J-03;J-04;J-05;AF-01;AF-02;DF-01;CF-01","D-025;D-026;D-035;D-036;D-005;D-016","BR-001;FR-005;SEO-001;UX-001;UX-003","UXTEST-001;UXTEST-004;UXTEST-021;UXTEST-023;UXTEST-039;UXTEST-044","ACT-14;ACT-18;ACT-20","All pseudo-state references plus direct Book reachability;later keyboard pointer contrast and routing evidence","Final CTA wording;booking availability;contact route remain gated"
"PRIM-015","General action button","actions_input","interactive","visible label;optional leading icon;optional progress;focus indicator","primary;secondary;quiet;destructive_pending_approval;icon_plus_text","S-HIGH;S-LOW;S-MEDIUM;S-SEMANTIC","base;hover;focus-visible;pressed;disabled","loading;pending;success;error;permission_denied;offline;unavailable","visible text plus shape icon border pattern or position;never color only","Label wraps or component expands;no icon-only ambiguity;target minimum;forced colors and reduced motion;pending disables duplicate only","AF-01;AF-02;BF-01A;BF-01B;BF-01C;BF-01D;BF-01E;PF-01;SOF-01A;SOF-01B;SOF-01C;SOF-01D;SOF-01E;SOF-01F;SOF-01G;SOF-01H;SOF-01I;SOF-01J;SOF-01K;SOF-01L;SOF-01M","D-025;D-026;D-035;D-036","UX-001;UX-003;DATA-010;SEC-002","UXTEST-018;UXTEST-021;UXTEST-022;UXTEST-039","ACT-14;ACT-15;ACT-16;ACT-18;ACT-19;ACT-21;ACT-22;ACT-23;ACT-24;ACT-25;ACT-26;ACT-27;ACT-28;ACT-29;ACT-30;ACT-31;ACT-32;ACT-33;ACT-34;ACT-35;ACT-36;ACT-37;ACT-38;ACT-39;ACT-40;ACT-41;ACT-42;ACT-43;ACT-44;ACT-45;ACT-46;ACT-47;ACT-48;ACT-49;ACT-50;ACT-51;ACT-52;ACT-53","Complete pseudo-state reference matrix;later pointer-up cancellation keyboard focus contrast and idempotency tests","Destructive meaning;authorization;exact labels;retry policy remain gated per action"
"PRIM-016","Semantic text link","actions_input","interactive","visible link text;destination context;optional external or download cue only when approved","inline;standalone;breadcrumb;source;skip;canonical","S-HIGH;S-LOW;S-MEDIUM;S-SEMANTIC","base;hover;focus-visible;pressed;disabled","current;visited_policy_pending;unavailable;held;offline","visible text plus shape icon border pattern or position;never color only","Underline or equivalent non-color affordance;wraps;focus visible;target exception documented for inline text;no direction-only label","all_public_route_families;J-01;J-02;J-03;J-04;J-05;DF-01","D-025;D-026;D-035;D-036;D-008","FR-001;SEO-001;SEO-005;SEO-007;UX-003","UXTEST-001;UXTEST-003;UXTEST-004;UXTEST-021;UXTEST-039","ACT-02;ACT-05;ACT-12;ACT-13;ACT-20","Reference states across light dark and forced colors;later canonical destination and accessible-name evidence","Final labels;destination activation;external-link policy remain gated"
"PRIM-017","Icon control","actions_input","interactive","icon;visible label when ambiguous;accessible name;state text;target area","labelled;compact_with_visible_text;universally_understood_icon_only_after_review","S-HIGH;S-LOW;S-MEDIUM;S-SEMANTIC","base;hover;focus-visible;pressed;disabled","selected;expanded;muted;loading;error;unavailable","visible text plus shape icon border pattern or position;never color only","24-unit icon grid;24 by 24 target or exception;stroke survives forced colors;unavailable icon keeps text;no hover-only tooltip","DF-01;FV-01;RV-01;AF-02;BF-01","D-025;D-026;D-035;D-036;D-012","FR-012;FR-013;FR-014;UX-003;UX-007","UXTEST-005;UXTEST-006;UXTEST-021;UXTEST-024;UXTEST-039","ACT-03;ACT-07;ACT-09;ACT-10;ACT-11;ACT-12;ACT-19;ACT-40","Reference icon and text pairings;later name-in-label target and forced-colors evidence","Icon meaning;icon-only eligibility;final labels remain gated"
"PRIM-018","Form group","actions_input","composite_interactive","group heading or legend;description;required or optional text;field controls;group error;recovery","qualification;contact;consent;staff_editor;challenge;review","S-HIGH;S-LOW;S-MEDIUM;S-SEMANTIC","base;hover;focus-visible;pressed;disabled","loading;error;pending;success;offline;permission_denied;unavailable","visible text plus shape icon border pattern or position;never color only","One-column narrow layout;logical DOM order;labels never clipped;400% zoom;unavailable font;keyboard and screen reader group semantics","BF-01A;BF-01B;BF-01E;CF-01;PF-01","D-025;D-026;D-035;D-036;D-005;D-017","FR-004;FR-019;UX-001;UX-003;DATA-003;SEC-002","UXTEST-014;UXTEST-015;UXTEST-016;UXTEST-020;UXTEST-021;UXTEST-022;UXTEST-023;UXTEST-042;UXTEST-045","ACT-21;ACT-22;ACT-23;ACT-24;ACT-25;ACT-30;ACT-31;ACT-32;ACT-34","Reference anatomy and state matrix;later accessible relationships autocomplete redundant-entry and persistence tests","Exact copy;retention;provider;field limits;staff draft policy remain gated"
"PRIM-019","Text input and textarea","actions_input","interactive","visible label;required or optional text;control;description;counter only if approved;inline error","email;organization;role;desired_outcome;timing;optional_budget;contact_message;search;staff_text","S-HIGH;S-LOW;S-MEDIUM;S-SEMANTIC","base;hover;focus-visible;pressed;disabled","empty;filled;invalid;valid;loading;pending;offline;read_only;permission_denied","visible text plus shape icon border pattern or position;never color only","Full-width narrow;zoom and text-spacing safe;native zoom;autofill visible;paste allowed;no placeholder-only label;forced-colors boundary","DF-01;AF-01;BF-01A;BF-01B;CF-01;PF-01","D-025;D-026;D-035;D-036;D-017","FR-004;FR-008;FR-019;UX-001;DATA-003;SEC-002","UXTEST-008;UXTEST-014;UXTEST-015;UXTEST-016;UXTEST-021;UXTEST-022;UXTEST-023;UXTEST-042;UXTEST-043;UXTEST-045","ACT-04;ACT-16;ACT-21;ACT-24;ACT-32;ACT-34","Reference for all named field roles and states;later keyboard screen-reader autocomplete paste and validation evidence","Exact field copy;length limits;retention;raw-query policy remain gated"
"PRIM-020","Select or combobox","actions_input","interactive","visible label;trigger or input;current value;list;option state;description;error","native_select;listbox_only_if_needed;timezone;wing;timing;bounded_staff_filter","S-HIGH;S-LOW;S-MEDIUM;S-SEMANTIC","base;hover;focus-visible;pressed;disabled","expanded;collapsed;selected;empty;loading;error;offline;unavailable","visible text plus shape icon border pattern or position;never color only","Prefer native semantics;options wrap;no viewport clipping;keyboard model documented;touch target minimum;forced-colors selected state","DF-01;BF-01A;BF-01C;SOF-01C","D-025;D-026;D-035;D-036","FR-004;FR-006;FR-014;UX-001;UX-003","UXTEST-008;UXTEST-014;UXTEST-017;UXTEST-021;UXTEST-022;UXTEST-023;UXTEST-039;UXTEST-042","ACT-04;ACT-21;ACT-26;ACT-27;ACT-43","Reference open closed selected invalid and unavailable states;later keyboard focus zoom and value evidence","Option sets;timezone source;staff filters;assignment policy remain gated"
"PRIM-021","Checkbox and consent control","actions_input","interactive","control;visible label;purpose summary;required or optional status;details link;validation","unchecked;checked;mixed_only_if_semantically_required;consent_declined;consent_granted","S-HIGH;S-LOW;S-MEDIUM;S-SEMANTIC","base;hover;focus-visible;pressed;disabled","unchecked;checked;invalid;pending;success;error;stale;unavailable","visible text plus shape icon border pattern or position;never color only","Label target includes control and text;wraps at 320 CSS px;forced-colors check visible;never prechecked;no bundled purposes","AF-01;AF-02;BF-01A;CF-01","D-025;D-026;D-035;D-036;D-017","FR-004;AI-001;DATA-004;DATA-005;UX-001","UXTEST-009;UXTEST-014;UXTEST-015;UXTEST-021;UXTEST-022;UXTEST-039;UXTEST-042;UXTEST-045","ACT-15;ACT-18;ACT-19;ACT-21;ACT-32","Reference consent states and error association;later record-version and privacy behavior evidence","Exact consent wording;lawful basis;copy version;retention and revocation policy remain gated"
"PRIM-022","Field validation message","actions_input","status_announced","field identifier;plain problem;correction guidance;status semantics","error;warning;success;pending;information","S-HIGH;S-LOW;S-MEDIUM;S-SEMANTIC","not_applicable","error;pending;success;stale;unavailable","visible text plus shape icon border pattern or position;never color only","Wraps without overlap;placed adjacent and programmatically associated;forced colors preserves indicator;announcement deduplicated","BF-01A;BF-01B;CF-01;PF-01","D-025;D-026;D-035;D-036","FR-004;UX-001;UX-003;SEC-007","UXTEST-015;UXTEST-021;UXTEST-022;UXTEST-023;UXTEST-024;UXTEST-042","ACT-21;ACT-22;ACT-24;ACT-25;ACT-32;ACT-34;ACT-35","Reference error warning success states;later association announcement contrast and value-preservation evidence","Exact error text;validation limits;security disclosure policy remain gated"
"PRIM-023","Error summary","actions_input","composite_interactive","summary heading;error count if useful;linked error list;preservation statement;recovery","form;publication;booking;contact;staff","S-HIGH;S-LOW;S-MEDIUM;S-SEMANTIC","base;hover;focus-visible;pressed;disabled","error;pending;permission_denied;offline;unavailable","visible text plus shape icon border pattern or position;never color only","Receives focus after failed submit;links reflow;no sticky overlap;forced-colors boundary;screen reader announces once","BF-01A;BF-01B;CF-01;PF-01","D-025;D-026;D-035;D-036","FR-004;UX-001;UX-003;SEC-007","UXTEST-015;UXTEST-021;UXTEST-022;UXTEST-023;UXTEST-024","ACT-21;ACT-22;ACT-24;ACT-25;ACT-32;ACT-35","Reference with multiple errors and focus map;later link-target association and announcement evidence","Exact messages;field policy;security detail remain gated"
"PRIM-024","Consent notice and purpose panel","actions_input","composite_interactive","purpose heading;data categories;retention choice;share scope;policy status;accept or decline;alternate path","AI_retention;handoff_share;booking;contact;media","S-HIGH;S-LOW;S-MEDIUM;S-SEMANTIC","base;hover;focus-visible;pressed;disabled","not_asked;declined;granted;stale;mismatched;revoked_if_approved;pending;error;unavailable","visible text plus shape icon border pattern or position;never color only","No modal gate on public content;one-column reflow;details in reading order;keyboard and screen-reader complete;decline path remains usable","AF-01;AF-02;BF-01A;CF-01","D-025;D-026;D-035;D-036;D-017","FR-004;FR-008;FR-011;DATA-004;DATA-005;DATA-006;UX-001","UXTEST-009;UXTEST-013;UXTEST-014;UXTEST-015;UXTEST-021;UXTEST-022;UXTEST-030","ACT-15;ACT-18;ACT-19;ACT-21;ACT-32","Reference purpose variants and decline recovery;later legal text version and consent-record evidence","Exact legal and privacy copy;lawful basis;retention;revocation;controller remain gated"
"PRIM-025","AI entry and identity panel","ai_handoff","composite_interactive","visible AI identity;scope and limits;source policy summary;consent entry;composer entry;human Contact and Book","available;policy_unavailable;provider_unavailable;declined","S-HIGH;S-LOW;S-MEDIUM;S-SEMANTIC","base;hover;focus-visible;pressed;disabled","loading;ready;unavailable;error;offline;permission_denied","visible text plus shape icon border pattern or position;never color only","Semantic parity before enhancement;no avatar dependency;full AI label;reduced motion;no media requirement;usable at 320 CSS px and 400% zoom","J-05;AF-01","D-025;D-026;D-035;D-036;D-015;D-016;D-017","FR-008;AI-001;AI-003;AI-004;AI-009;DATA-003","UXTEST-009;UXTEST-010;UXTEST-021;UXTEST-022;UXTEST-023;UXTEST-024","ACT-14;ACT-15","Reference ready and unavailable states;later source-policy identity and no-account tests","Exact AI wording;provider;availability;data route;operational claim remain gated"
"PRIM-026","AI transcript and composer","ai_handoff","composite_interactive","session status;ordered messages;AI and visitor labels;composer label;send;retry or resume;Book and human routes","ephemeral;consented;resuming;expired;refused;unavailable","S-HIGH;S-LOW;S-MEDIUM;S-SEMANTIC","base;hover;focus-visible;pressed;disabled","connecting;typing;not_sent;unknown;pending;success;error;offline;expired;unavailable","visible text plus shape icon border pattern or position;never color only","Reading order preserved;new messages announced without focus theft;composer remains reachable;long text and sources wrap;reduced motion;no auto-scroll trap;any user time limit is removable or adjustable before it starts or warns with at least 20 seconds and permits a simple extension at least ten times or has a documented criterion-supported exception;preserve permitted data and last authoritative state;accessible reauthentication where applicable","J-05;AF-01;EXCL-CHAT-SESSIONS","D-025;D-026;D-035;D-036;D-015;D-017","FR-008;AI-001;AI-002;AI-003;DATA-004;DATA-007;UX-001","UXTEST-009;UXTEST-010;UXTEST-011;UXTEST-021;UXTEST-022;UXTEST-023;UXTEST-040","ACT-16;ACT-17","Reference transcript states including duplicate and interruption;later controlled-clock branch warning extension expiry focus status recovery one-message idempotency announcement and privacy evidence","Exact message copy;session retention;resume policy;provider behavior and exact durations remain gated"
"PRIM-027","AI citation and source list","ai_handoff","composite_interactive","source heading;ordered sources;title;type;evidence state;limitation;canonical link;release context","one_source;many_sources;source_unavailable;cannot_verify","S-HIGH;S-LOW;S-MEDIUM;S-SEMANTIC","base;hover;focus-visible;pressed;disabled","loading;empty;success;held;stale;error;unavailable","visible text plus shape icon border pattern or position;never color only","Sources follow answer in DOM;long titles wrap;no carousel-only order;forced-colors link and state;asset-free","J-04;J-05;AF-01","D-025;D-026;D-035;D-036;D-015;D-019","AI-001;AI-002;AI-003;PUB-004;UX-003","UXTEST-003;UXTEST-010;UXTEST-022;UXTEST-023;UXTEST-024;UXTEST-028","ACT-13;ACT-16","Reference with one many zero held and stale sources;later claim-to-source and checksum parity evidence","Source content;claim support;release activation remain gated"
"PRIM-028","AI refusal or cannot-verify block","ai_handoff","composite_interactive","status heading;plain refusal or uncertainty reason class;safe explanation;approved sources if any;human Contact and Book actions","cannot_verify;policy_refusal;sensitive_refusal;commitment_refusal;provider_unavailable","S-HIGH;S-LOW;S-MEDIUM;S-SEMANTIC","base;hover;focus-visible;pressed;disabled","held;error;unavailable;offline;success_safe_route","visible text plus shape icon border pattern or position;never color only","No alarming animation;focus stays controlled;full status in text;forced colors and screen reader preserve distinction;works without AI continuation","J-05;AF-01;EXCL-DEFENSE","D-025;D-026;D-035;D-036;D-015;D-017","BR-004;BR-009;AI-003;AI-004;AI-006;AI-008;SEC-009","UXTEST-010;UXTEST-021;UXTEST-022;UXTEST-024;UXTEST-028","ACT-13;ACT-16;ACT-18;ACT-20","Reference for each refusal class and safe routes;later adversarial and source-leakage evidence","Exact refusal/legal copy;secure human route;defense scope;provider policy remain gated"
"PRIM-029","Human availability indicator","ai_handoff","composite_interactive","plain availability state;scope if approved;request action only when explicitly available;Book and Contact fallback","not_offered;available;unavailable;suppressed;stale;unknown","S-HIGH;S-LOW;S-MEDIUM;S-SEMANTIC","base;hover;focus-visible;pressed;disabled","loading;pending;success;stale;error;offline;unavailable","visible text plus shape icon border pattern or position;never color only","No pulsing-only live cue;status text persists;forced colors;small layout wraps;Book remains independent","J-05;AF-02;SOF-01A;SOF-01B","D-025;D-026;D-035;D-036;D-016","FR-009;FR-010;DATA-010;UX-001","UXTEST-012;UXTEST-021;UXTEST-022;UXTEST-023;UXTEST-031","ACT-18;ACT-41;ACT-42","Reference explicit available and fail-safe unavailable states;later durable state versus presence evidence","Named staff;scope;owners;response expectation;availability policy remain gated"
"PRIM-030","Handoff request and conversation status","ai_handoff","composite_interactive","handoff summary;shared-data scope;consent reference;durable status;assigned role if approved;text thread controls;end or recovery;Book","requested;queued;accepted;text_active;ended;declined;expired;alert_failed","S-HIGH;S-LOW;S-MEDIUM;S-SEMANTIC","base;hover;focus-visible;pressed;disabled","loading;pending;success;error;offline;permission_denied;unavailable;stale","visible text plus shape icon border pattern or position;never color only","Text remains usable when media fails;status announcements queued;no auto-scroll trap;one-column reflow;forced-colors separation","J-05;AF-02;SOF-01C;SOF-01D;SOF-01E;SOF-01F;SOF-01G","D-025;D-026;D-035;D-036;D-016;D-017","FR-009;FR-010;FR-011;DATA-010;UX-001;SEC-002","UXTEST-012;UXTEST-013;UXTEST-032;UXTEST-033","ACT-18;ACT-44;ACT-45;ACT-46;ACT-47","Reference lifecycle and alert-failure variants;later one-request ownership audit and recovery evidence","Owners;assignment;decline/end reasons;escalation;response expectation remain gated"
"PRIM-031","Voice or video opt-in","ai_handoff","interactive","media type label;purpose;permission consequence;opt-in;decline;text fallback;caption and description availability","voice;video;permission_prompt;unsupported;held_alternatives","S-HIGH;S-LOW;S-MEDIUM;S-SEMANTIC","base;hover;focus-visible;pressed;disabled","not_asked;declined;granted;pending;error;unavailable;permission_denied","visible text plus shape icon border pattern or position;never color only","No automatic re-prompt;touch target minimum;forced-colors selection;reduced motion;decline preserves text and Book","AF-02","D-025;D-026;D-035;D-036;D-016","FR-011;UX-001;UX-007","UXTEST-013;UXTEST-021;UXTEST-022;UXTEST-039;UXTEST-041","ACT-19","Reference permission declined unsupported and held variants;later device permission and alternative-media evidence","Exact consent copy;media provider;rights;caption and description assets remain gated"
"PRIM-032","Booking progress stepper","booking","composite_interactive","flow heading;ordered steps;current step text;completed step text;error or blocked marker;back or edit action;status region","qualification;email;availability;review;pending;confirmed;reschedule;cancel","S-HIGH;S-LOW;S-MEDIUM;S-SEMANTIC","base;hover;focus-visible;pressed;disabled","current;complete;blocked;error;pending;confirmed;expired;offline;unavailable","visible text plus shape icon border pattern or position;never color only","Linearizes at narrow widths;does not require horizontal scroll;current state text and shape;no animation dependency;screen reader list semantics;any user time limit is removable or adjustable before it starts or warns with at least 20 seconds and permits a simple extension at least ten times or has a documented criterion-supported exception;preserve permitted data and last authoritative state;accessible reauthentication where applicable","J-01;BF-01A;BF-01B;BF-01C;BF-01D;BF-01E","D-025;D-026;D-035;D-036;D-005;D-016","BR-001;FR-004;FR-005;FR-006;FR-007;FR-019;UX-001","UXTEST-014;UXTEST-016;UXTEST-017;UXTEST-018;UXTEST-019;UXTEST-020;UXTEST-021;UXTEST-022;UXTEST-023;UXTEST-040;UXTEST-045","ACT-20;ACT-21;ACT-22;ACT-25;ACT-26;ACT-27;ACT-28;ACT-29;ACT-30;ACT-31","Reference for full booking lineage;later controlled-clock branch warning extension expiry focus status recovery state-machine route focus and no-skipped-step evidence","Exact step labels;provider;expiry duration;authorization;reschedule and cancel policy remain gated"
"PRIM-033","Email ownership challenge","booking","composite_interactive","state heading;masked destination only if approved;challenge control;verify;resend;change address;bounded guidance;status;time-limit warning and extension control when applicable","pending;expired;undeliverable;corrected;resent;verified;rate_limited;unknown","S-HIGH;S-LOW;S-MEDIUM;S-SEMANTIC","base;hover;focus-visible;pressed;disabled","loading;pending;success;error;expired;offline;unavailable;stale","visible text plus shape icon border pattern or position;never color only","Paste and assistive mechanisms allowed;no cognitive puzzle;any user time limit is removable or adjustable before it starts or warns with at least 20 seconds and permits a simple extension at least ten times or has a documented criterion-supported exception;preserve permitted data and last authoritative state;accessible reauthentication;one-column reflow;status announced without exposing account existence","BF-01B","D-025;D-026;D-035;D-036;D-005;D-016;D-018","FR-004;FR-019;UX-001;DATA-010;SEC-006","UXTEST-016;UXTEST-021;UXTEST-022;UXTEST-023;UXTEST-040;UXTEST-043","ACT-22;ACT-23;ACT-24;ACT-25","Reference for every challenge state;later controlled-clock branch warning extension expiry focus status recovery paste lineage privacy and rate-limit tests","Challenge method;exact expiry and resend timing;masking;provider;security guidance remain gated"
"PRIM-034","Availability calendar","booking","composite_interactive","heading;local timezone;period navigation;loading status;slot region;no-slot explanation;refresh;alternate help","day;week_or_period_pending_design;no_slots;provider_unavailable;owner_unavailable","S-HIGH;S-LOW;S-MEDIUM;S-SEMANTIC","base;hover;focus-visible;pressed;disabled","loading;empty;success;stale;error;offline;unavailable","visible text plus shape icon border pattern or position;never color only","Single-column date groups on narrow view;no two-dimensional calendar dependency;timezone always visible;keyboard and touch alternatives;forced-colors selected state","BF-01C","D-025;D-026;D-035;D-036;D-016","FR-006;FR-007;UX-001;UX-003;DATA-010","UXTEST-017;UXTEST-021;UXTEST-022;UXTEST-023;UXTEST-024;UXTEST-039","ACT-26","Reference loading no-slot stale and unavailable states;later timezone DST eligibility and provider evidence","Calendar provider;owners;backups;no-slot policy;future period bounds remain gated"
"PRIM-035","Booking slot option","booking","interactive","local date;local time;timezone;duration;availability state;selection control","available;selected;stale;unavailable","S-HIGH;S-LOW;S-MEDIUM;S-SEMANTIC","base;hover;focus-visible;pressed;disabled","selected;loading;stale;error;unavailable","visible text plus shape icon border pattern or position;never color only","List or grid reflows without time loss;target minimum;selected survives forced colors;screen reader name includes date time timezone and duration","BF-01C","D-025;D-026;D-035;D-036;D-016","FR-006;FR-007;UX-001;UX-003","UXTEST-017;UXTEST-021;UXTEST-022;UXTEST-023;UXTEST-024;UXTEST-039","ACT-26;ACT-27","Reference slot states and long timezone fixture;later DST same-instant and stale-selection tests","Owner identity;availability;provider;slot policy remain gated"
"PRIM-036","Booking review","booking","composite_interactive","heading;editable qualification summary;local date time timezone duration;consent purpose reference;edit links;submit;status","initial_booking;reschedule;cancel_review","S-HIGH;S-LOW;S-MEDIUM;S-SEMANTIC","base;hover;focus-visible;pressed;disabled","ready;loading;pending;error;offline;expired;permission_denied;unavailable","visible text plus shape icon border pattern or position;never color only","Definition-list or grouped summary reflows;no repeated required entry;focus follows edit return;forced-colors action hierarchy","BF-01A;BF-01C;BF-01D;BF-01E","D-025;D-026;D-035;D-036;D-005;D-016","FR-004;FR-007;FR-019;UX-001;DATA-010","UXTEST-014;UXTEST-018;UXTEST-020;UXTEST-021;UXTEST-022;UXTEST-023;UXTEST-042;UXTEST-045","ACT-21;ACT-27;ACT-28;ACT-30;ACT-31","Reference with long values and edit returns;later redundant-entry review correction confirmation and idempotency evidence","Exact consent copy;provider;owner;reschedule/cancel authorization and cutoff remain gated"
"PRIM-037","Booking pending confirmation and reconciliation","booking","composite_interactive","authoritative heading;lineage state;last confirmed truth;local time if confirmed;next step;status refresh;reschedule or cancel only if authorized;support route","not_submitted;pending;confirmed_qualified;reconciliation_error;reschedule_pending;cancel_pending;cancelled;failed","S-HIGH;S-LOW;S-MEDIUM;S-SEMANTIC","base;hover;focus-visible;pressed;disabled","loading;pending;confirmed;success;error;offline;expired;stale;unavailable","visible text plus shape icon border pattern or position;never color only","Pending and confirmed remain distinct without motion or color;status fits narrow view;live update controlled;print keeps lineage state;focus on changed heading only when appropriate;any user time limit is removable or adjustable before it starts or warns with at least 20 seconds and permits a simple extension at least ten times or has a documented criterion-supported exception;preserve permitted data and last authoritative state;accessible reauthentication;provider or system response timeout remains distinct","BF-01D;BF-01E;SOF-01I;SOF-01J","D-025;D-026;D-035;D-036;D-016;D-019","FR-007;FR-019;DATA-010;UX-001;SEC-002","UXTEST-018;UXTEST-019;UXTEST-020;UXTEST-022;UXTEST-023;UXTEST-024;UXTEST-035;UXTEST-040","ACT-28;ACT-29;ACT-30;ACT-31;ACT-49;ACT-50","Reference for every authoritative state;later controlled-clock branch warning extension expiry focus status recovery duplicate provider-timeout mismatch and reconciliation evidence","Provider;exact duration;next-step copy;attendance;support owner;response expectation;reschedule/cancel policy remain gated"
"PRIM-038","Contact form and status","actions_input","composite_interactive","verified channel area;purpose;consent and privacy slot;fields;submit;pending or success;failure recovery;Book","channels_held;form_if_approved;alternate_channel;booking_fallback","S-HIGH;S-LOW;S-MEDIUM;S-SEMANTIC","base;hover;focus-visible;pressed;disabled","loading;empty;pending;success;error;offline;unavailable;duplicate","visible text plus shape icon border pattern or position;never color only","One-column narrow;labels and errors associated;no address placeholder;unavailable channel leaves Book;forced-colors and screen-reader status","contact;CF-01;J-05","D-025;D-026;D-035;D-036;D-016;D-017","FR-005;DATA-010;UX-001;SEC-009","UXTEST-004;UXTEST-021;UXTEST-022;UXTEST-023;UXTEST-026;UXTEST-042","ACT-32","Reference held channel and form lifecycle;later idempotency privacy and verified-channel tests","Contact details;channel;owner;consent;privacy text;response expectation remain gated"
"PRIM-039","Modal dialog","overlay_immersive","composite_interactive","labelled title;description;content;primary and secondary action;close;status;time-limit warning and extension control when applicable","modal;alert_dialog_only_for_true_interrupt;nonmodal_preferred_when_possible","S-HIGH;S-LOW;S-MEDIUM;S-SEMANTIC","base;hover;focus-visible;pressed;disabled","opening;open;closing;error;permission_denied;unavailable","visible text plus shape icon border pattern or position;never color only","Fits at 320 CSS px and 400% zoom;scroll body without trapping content;initial focus documented;Escape and close return focus;forced-colors boundary;reduced-motion;any user time limit is removable or adjustable before it starts or warns with at least 20 seconds and permits a simple extension at least ten times or has a documented criterion-supported exception;preserve permitted data and last authoritative state;accessible reauthentication where applicable","FV-01;RV-01;AF-01;BF-01;PF-01","D-025;D-026;D-035;D-036","UX-001;UX-003;UX-004","UXTEST-005;UXTEST-006;UXTEST-021;UXTEST-022;UXTEST-023;UXTEST-024;UXTEST-039;UXTEST-040","ACT-01;ACT-03;ACT-11;ACT-40","Reference open close error states and focus map;later controlled-clock branch warning extension expiry focus status recovery keyboard screen-reader zoom and escape evidence","Whether any flow requires modality;final labels;exact timeout duration remains gated"
"PRIM-040","Drawer","overlay_immersive","composite_interactive","labelled title;navigation or content region;close;backdrop if modal;status;invoker relationship","navigation;directory;detail;staff_filter","S-HIGH;S-LOW;S-MEDIUM;S-SEMANTIC","base;hover;focus-visible;pressed;disabled","opening;open;closing;loading;error;offline;unavailable","visible text plus shape icon border pattern or position;never color only","May become inline region when space allows;focus behavior matches modal state;Escape and return;no focus clipping;reduced-motion direct state;forced colors","DF-01;FV-01;RV-01;SOF-01C","D-025;D-026;D-035;D-036","FR-014;UX-001;UX-003;UX-004","UXTEST-008;UXTEST-021;UXTEST-022;UXTEST-023;UXTEST-024;UXTEST-039","ACT-01;ACT-03;ACT-43","Reference modal and nonmodal anatomy;later viewport focus escape and state evidence","Exact drawer use by screen;filter set;final labels remain gated"
"PRIM-041","Context panel","overlay_immersive","composite_interactive","heading;location or route context;content;state and limitation;sources;canonical link;Book;close or back","semantic_inline;world_panel;staff_side_panel","S-HIGH;S-LOW;S-MEDIUM;S-SEMANTIC","base;hover;focus-visible;pressed;disabled","loading;held;stale;error;offline;permission_denied;unavailable;success","visible text plus shape icon border pattern or position;never color only","Inline on narrow where possible;World version remains DOM-based;focus entry and return;no canvas-only content;forced colors and reduced motion","J-02;J-03;J-04;DF-01;SOF-01C","D-025;D-026;D-035;D-036;D-008","FR-002;SEO-007;UX-002;UX-003;UX-005","UXTEST-003;UXTEST-007;UXTEST-021;UXTEST-022;UXTEST-023;UXTEST-024","ACT-05;ACT-08;ACT-12;ACT-13;ACT-43","Reference semantic and World equivalents;later checksum content action and focus parity","Panel content;room open state;sources;owners remain gated"
"PRIM-042","World onboarding and return choice","overlay_immersive","composite_interactive","heading;controls explanation;delivery stream control;audio-off state;AI and human help;Skip Intro;Skip Guide;Quick Access;Exit;Resume Reception Replay choices;time-limit warning and extension control when applicable;stream fieldset;stream legend naming delivery stream control and in-force stream;four native stream radio inputs sharing one name;separate always-present Apply submit button;persistent visible stream advisement inside fieldset before Apply in DOM reading and visual order","first_visit;return_valid;return_stale;reduced_motion;low_power","S-HIGH;S-LOW;S-MEDIUM","base;hover;focus-visible;pressed;disabled","loading;ready;error;stale;unavailable;offline;stream-in-force;stream-pending","visible text plus shape icon border pattern or position;never color only","Keyboard and screen reader before commitment;320 CSS px;400% zoom;reduced motion opens stable state;preference failure does not block;no modal on semantic routes;current latest two stable evergreen releases;Safari/iOS 16.4 minimum legacy floor;semantic Quick Access for below-floor or otherwise unsupported clients;any user time limit is removable or adjustable before it starts or warns with at least 20 seconds and permits a simple extension at least ten times or has a documented criterion-supported exception;preserve permitted data and last authoritative state;accessible reauthentication where applicable;stream group accessible name reports in-force stream until explicit submit;checked stream radio reports pending selection independently of in-force stream;stream radio names use peer vocabulary without lesser-choice labels;above-ceiling stream radios remain present with textual unavailability;Apply accessible name states it applies the selection and differs from group and radio names;stream selection by arrow Tab pointer or touch changes only checked state without applying reloading transitioning or other accessibility-tree changes;stream applies only on explicit Apply activation by Enter Space pointer or touch or native Enter submission of the same form;stream never applies on focus selection blur or timeout;stream advisement is programmatically associated with both fieldset and Apply;stream advisement explains re-entry into the chosen stream while preserving current location;stream advisement uses identical visible wording in every stream and is not tooltip title hover-only focus-only or accessible-description-only","FV-01;RV-01;J-02;EXCL-WORLD","D-025;D-026;D-035;D-036;D-012","FR-003;FR-012;FR-013;UX-002;UX-003;UX-004;UX-005;NFR-006;NFR-008","UXTEST-005;UXTEST-006;UXTEST-007;UXTEST-021;UXTEST-022;UXTEST-023;UXTEST-024;UXTEST-025;UXTEST-040","ACT-06;ACT-07;ACT-11;ACT-40","Reference all visit and preference states;later dated current-version browser matrix Safari mobile layout input and safe-area evidence unsupported-client recovery and controlled-clock branch warning extension expiry focus status recovery;Stream control review states announcements on group entry pending-radio change and reaching Apply;Stream advisement review covers sighted mouse keyboard without AT screen reader and 400% magnifier before operation","Exact onboarding copy;delivery streams;preference retention;exact timing details beyond approved target remain gated"
"PRIM-043","World HUD","overlay_immersive","composite_interactive","current location;directory and search;Quick Access;Book;accessibility;delivery stream control;audio;Exit;status region;stream fieldset;stream legend naming delivery stream control and in-force stream;four native stream radio inputs sharing one name;separate always-present Apply submit button;persistent visible stream advisement inside fieldset before Apply in DOM reading and visual order","reception;atrium;room;transition;reduced_motion;low_power;asset_failure","S-HIGH;S-LOW;S-MEDIUM","base;hover;focus-visible;pressed;disabled","loading;current;selected;pending;error;offline;unavailable;stale;stream-in-force;stream-pending","visible text plus shape icon border pattern or position;never color only","DOM-based and keyboard operable;visible at 400% zoom;does not obscure focus or content;touch targets;forced colors;audio and motion states textual;no canvas-only control;current latest two stable evergreen releases;Safari/iOS 16.4 minimum legacy floor;semantic Quick Access for below-floor or otherwise unsupported clients;stream group accessible name reports in-force stream until explicit submit;checked stream radio reports pending selection independently of in-force stream;stream radio names use peer vocabulary without lesser-choice labels;above-ceiling stream radios remain present with textual unavailability;Apply accessible name states it applies the selection and differs from group and radio names;stream selection by arrow Tab pointer or touch changes only checked state without applying reloading transitioning or other accessibility-tree changes;stream applies only on explicit Apply activation by Enter Space pointer or touch or native Enter submission of the same form;stream never applies on focus selection blur or timeout;stream advisement is programmatically associated with both fieldset and Apply;stream advisement explains re-entry into the chosen stream while preserving current location;stream advisement uses identical visible wording in every stream and is not tooltip title hover-only focus-only or accessible-description-only","J-02;DF-01;EXCL-WORLD","D-025;D-026;D-035;D-036;D-012","FR-003;FR-012;FR-014;SEO-007;UX-002;UX-003;UX-004;UX-005;UX-007;NFR-006","UXTEST-003;UXTEST-005;UXTEST-007;UXTEST-008;UXTEST-021;UXTEST-022;UXTEST-023;UXTEST-024;UXTEST-025;UXTEST-039;UXTEST-040","ACT-03;ACT-05;ACT-08;ACT-09;ACT-10;ACT-11;ACT-12","Reference every HUD control and failure state;later dated current-version browser matrix Safari mobile layout input and safe-area evidence unsupported-client recovery DOM canvas parity focus overlap and mode evidence;Stream control review states announcements on group entry pending-radio change and reaching Apply;Stream advisement review covers sighted mouse keyboard without AT screen reader and 400% magnifier before operation","Exact device tier thresholds U-03;World visual direction;room assets;audio content remain gated"
"PRIM-044","World escape and recovery","overlay_immersive","composite_interactive","plain failure heading;last safe location;failure class;Quick Access;canonical route;delivery stream control;retry;Book;stream fieldset;stream legend naming delivery stream control and in-force stream;four native stream radio inputs sharing one name;separate always-present Apply submit button;persistent visible stream advisement inside fieldset before Apply in DOM reading and visual order","unsupported;loader_timeout;asset_error;network_error;context_loss;memory_or_thermal;checksum_mismatch","S-HIGH;S-LOW;S-MEDIUM","base;hover;focus-visible;pressed;disabled","loading;error;offline;unavailable;stale;success_safe_route;stream-in-force;stream-pending","visible text plus shape icon border pattern or position;never color only","Available immediately;no animation delay;screen reader announcement;full semantic content route;unavailable asset and low-power authored states;focus moves to recovery heading;current latest two stable evergreen releases;Safari/iOS 16.4 minimum legacy floor;semantic Quick Access for below-floor or otherwise unsupported clients;stream group accessible name reports in-force stream until explicit submit;checked stream radio reports pending selection independently of in-force stream;stream radio names use peer vocabulary without lesser-choice labels;above-ceiling stream radios remain present with textual unavailability;Apply accessible name states it applies the selection and differs from group and radio names;stream selection by arrow Tab pointer or touch changes only checked state without applying reloading transitioning or other accessibility-tree changes;stream applies only on explicit Apply activation by Enter Space pointer or touch or native Enter submission of the same form;stream never applies on focus selection blur or timeout;stream advisement is programmatically associated with both fieldset and Apply;stream advisement explains re-entry into the chosen stream while preserving current location;stream advisement uses identical visible wording in every stream and is not tooltip title hover-only focus-only or accessible-description-only","J-02;DF-01;EXCL-WORLD","D-025;D-026;D-035;D-036;D-008;D-012","FR-003;FR-014;UX-002;UX-004;UX-005;NFR-002;NFR-006;NFR-007","UXTEST-003;UXTEST-007;UXTEST-021;UXTEST-022;UXTEST-023;UXTEST-024;UXTEST-025","ACT-05;ACT-06;ACT-07;ACT-08;ACT-09;ACT-12","Reference for every named failure class;later dated current-version browser matrix Safari mobile layout input and safe-area evidence unsupported-client classification semantic Quick Access recovery forced-failure context preservation and no-loop evidence;Stream control review states announcements on group entry pending-radio change and reaching Apply;Stream advisement review covers sighted mouse keyboard without AT screen reader and 400% magnifier before operation","3D assets;budgets;device thresholds;retry policy;visual scene remain gated"
"PRIM-045","Media player and alternatives","media_data","composite_interactive","media title;play pause stop;mute;captions;transcript;audio-description status or control;live-caption status;rights and held status;semantic alternative","audio_only;prerecorded_synchronized;live_synchronized;held;unsupported","S-HIGH;S-LOW;S-MEDIUM;S-SEMANTIC","base;hover;focus-visible;pressed;disabled","loading;playing;paused;ended;muted;captioned;described;permission_denied;error;offline;unavailable;held","visible text plus shape icon border pattern or position;never color only","Keyboard and screen reader complete;controls do not disappear;reduced motion;no autoplay sound;captions and transcript reflow;forced colors;missing alternative holds media only","J-04;AF-02","D-025;D-026;D-035;D-036;D-012;D-017","FR-011;PUB-006;UX-001;UX-007","UXTEST-013;UXTEST-021;UXTEST-022;UXTEST-023;UXTEST-024;UXTEST-025;UXTEST-040;UXTEST-041","ACT-10;ACT-19","Reference all media classes and alternative states;later captions transcript description timing permission and rights evidence","Media item;rights;captions;transcript;description applicability;provider remain gated"
"PRIM-046","Staff shell and task navigation","staff_publication","composite_interactive","staff identity and role;primary task navigation;current destination;session status;notifications;main landmark;sign out","author;reviewer;founder_approver;administrator;conversation_operator;booking_operator;audit_role","STREAM-SCOPE-EXCLUDED","base;hover;focus-visible;pressed;disabled","loading;active;permission_denied;expired;offline;error;unavailable","visible text plus shape icon border pattern or position;never color only","Responsive task navigation;keyboard skip path;focus visible;no private detail in collapsed labels or errors;forced colors;reauth preserves approved state","PF-01;SOF-01A;SOF-01B;SOF-01C;SOF-01D;SOF-01E;SOF-01F;SOF-01G;SOF-01H;SOF-01I;SOF-01J;SOF-01K;SOF-01L;SOF-01M;EXCL-ADMIN","D-025;D-026;D-035;D-036;D-018;D-019","FR-016;PUB-002;PUB-003;SEC-001;SEC-002;SEC-004;SEC-005;UX-001","UXTEST-021;UXTEST-022;UXTEST-023;UXTEST-024;UXTEST-027;UXTEST-031;UXTEST-032;UXTEST-036;UXTEST-037","ACT-33;ACT-34;ACT-35;ACT-36;ACT-37;ACT-40;ACT-41;ACT-42;ACT-43;ACT-44;ACT-45;ACT-46;ACT-47;ACT-48;ACT-49;ACT-50;ACT-51;ACT-52;ACT-53","Reference shells for each role and denied/expired states;later server-role keyboard session and privacy evidence","Exact role membership;privileges;staff names;routes;support process remain gated"
"PRIM-047","Staff availability toggle","staff_publication","interactive","current durable state;scope;toggle action;pending status;suppression reason;queued-work warning","available_on;available_off;delegate_if_approved;no_scope","STREAM-SCOPE-EXCLUDED","base;hover;focus-visible;pressed;disabled","pending;success;error;offline;permission_denied;unavailable;stale","visible text plus shape icon border pattern or position;never color only","Persistent text not switch color alone;keyboard and touch target;forced colors;pending fails safe off;no presence animation","SOF-01A;SOF-01B","D-025;D-026;D-035;D-036;D-016;D-018","FR-009;FR-010;DATA-010;SEC-001;SEC-002","UXTEST-012;UXTEST-021;UXTEST-022;UXTEST-031;UXTEST-039","ACT-41;ACT-42","Reference all fail-safe states;later durable versus presence authorization idempotency and audit evidence","Scope;delegates;owner;availability policy;Teams behavior remain gated"
"PRIM-048","Staff queue","staff_publication","composite_interactive","queue heading;bounded filters;sort if approved;count or unknown state;rows;loading;empty;error;refresh","conversation;alert_exception;assignment;booking_reconciliation;booking_exception;evidence_SEO;knowledge;audit","STREAM-SCOPE-EXCLUDED","base;hover;focus-visible;pressed;disabled","loading;empty;success;error;offline;permission_denied;stale;unavailable","visible text plus shape icon border pattern or position;never color only","Table and responsive list parity;filters local unless approved;focus order;no two-dimensional scroll without list;derived index failure falls back to durable retrieval","SOF-01C;SOF-01G;SOF-01H;SOF-01I;SOF-01J;SOF-01K;SOF-01L;SOF-01M","D-025;D-026;D-035;D-036;D-018;D-019","FR-010;FR-016;DATA-010;SEC-001;SEC-002;UX-001","UXTEST-021;UXTEST-022;UXTEST-023;UXTEST-027;UXTEST-032;UXTEST-033;UXTEST-034;UXTEST-035;UXTEST-036;UXTEST-037","ACT-43;ACT-47;ACT-48;ACT-49;ACT-50;ACT-51;ACT-52;ACT-53","Reference each queue including empty versus unavailable;later role data-minimization freshness and action routing evidence","Queue ownership;filters;sort;SLA;escalation;provider fields remain gated"
"PRIM-049","Staff work-item detail","staff_publication","composite_interactive","item heading;authoritative state;minimum context;consent or evidence references;assignment and version;allowed actions;history;recovery","handoff;conversation;alert;assignment;booking;publication;knowledge","STREAM-SCOPE-EXCLUDED","base;hover;focus-visible;pressed;disabled","loading;pending;success;error;offline;permission_denied;stale;conflict;unavailable;empty","visible text plus shape icon border pattern or position;never color only","Single-column narrow;sections and headings;no secret or unnecessary chat content;focus on updated state;forced colors;read-only mode explicit","SOF-01C;SOF-01D;SOF-01E;SOF-01F;SOF-01G;SOF-01H;SOF-01I;SOF-01J;SOF-01K;SOF-01L","D-025;D-026;D-035;D-036;D-016;D-018;D-019","FR-010;FR-016;PUB-002;PUB-003;DATA-010;SEC-001;SEC-002","UXTEST-027;UXTEST-032;UXTEST-033;UXTEST-034;UXTEST-035;UXTEST-036","ACT-43;ACT-44;ACT-45;ACT-46;ACT-47;ACT-48;ACT-49;ACT-50;ACT-51;ACT-52","Reference each work type with stale conflict and denied role;later authorization idempotency audit and privacy evidence","Exact data fields;role permissions;reason taxonomy;escalation;providers remain gated"
"PRIM-050","Version and checksum display","staff_publication","status_announced","human-readable version label;short display checksum;full accessible value or reveal;current versus stale state;refresh","draft_version;candidate_checksum;active_release_checksum;grounding_bundle_checksum;stale_mismatch","S-HIGH;S-LOW;S-MEDIUM;S-SEMANTIC","not_applicable","current;stale;mismatched;pending;error;unavailable","visible text plus shape icon border pattern or position;never color only","Monospace is supplemental;wrap or copy affordance later;not color only;screen reader gets unambiguous groups;print remains legible","PF-01;SOF-01C;SOF-01K;SOF-01L;SOF-01M","D-025;D-026;D-035;D-036;D-019","FR-002;PUB-001;PUB-002;PUB-004;PUB-005;AI-001;UX-001","UXTEST-003;UXTEST-028;UXTEST-029;UXTEST-036;UXTEST-037","ACT-35;ACT-36;ACT-37;ACT-38;ACT-39;ACT-43;ACT-51;ACT-52;ACT-53","Reference current stale mismatch states;later exact comparison announcement and integrity evidence","Actual version values;release state;copy control;retention remain gated"
"PRIM-051","Staff decision controls","staff_publication","composite_interactive","decision context;current version;actor role;permitted actions;reason or findings field when approved;confirmation;pending and result","accept;decline;end;assign;reconcile;hold;escalate;pass;request_changes;approve;reject;activate","STREAM-SCOPE-EXCLUDED","base;hover;focus-visible;pressed;disabled","ready;pending;success;error;permission_denied;stale;conflict;offline;unavailable","visible text plus shape icon border pattern or position;never color only","Actions remain distinct at narrow widths;destructive action not inferred from color;keyboard order;confirmation review;forced-colors;pending disables duplicate only","PF-01;SOF-01D;SOF-01E;SOF-01F;SOF-01G;SOF-01H;SOF-01I;SOF-01J;SOF-01K;SOF-01L","D-025;D-026;D-035;D-036;D-018;D-019","FR-010;FR-016;PUB-002;PUB-003;DATA-010;SEC-001;SEC-002","UXTEST-027;UXTEST-029;UXTEST-032;UXTEST-033;UXTEST-034;UXTEST-035;UXTEST-036;UXTEST-039","ACT-36;ACT-37;ACT-39;ACT-44;ACT-45;ACT-46;ACT-47;ACT-48;ACT-49;ACT-50;ACT-51;ACT-52","Reference every decision and denied/stale state;later negative-role version idempotency and audit evidence","Exact permissions;reason taxonomy;escalation;approval policy;destructive semantics remain gated"
"PRIM-052","Publication draft editor","staff_publication","composite_interactive","route intent;content type;owner slot;evidence and claim references;rights and provenance;metadata;relationships;accessibility needs;save;submit;issue list","new_draft;editing;saved;conflict;held;ready_for_review","STREAM-SCOPE-EXCLUDED","base;hover;focus-visible;pressed;disabled","loading;dirty;saving;success;error;offline;expired;permission_denied;stale;conflict","visible text plus shape icon border pattern or position;never color only","Responsive sections;keyboard headings;long content and source references;reauth without overwrite;unavailable font;forced colors;no draft content in public shell","PF-01;EXCL-NONPUBLIC-PUBLICATION","D-025;D-026;D-035;D-036;D-019","PUB-002;PUB-003;PUB-004;PUB-006;SEC-001;SEC-002;SEC-004;UX-001","UXTEST-021;UXTEST-022;UXTEST-023;UXTEST-027;UXTEST-028;UXTEST-042;UXTEST-043","ACT-34;ACT-35","Reference save conflict expiry and validation variants;later autosave policy version merge authorization and draft-isolation evidence","Editor fields;owners;rights;exact metadata;autosave and merge policy remain gated"
"PRIM-053","Publication candidate and release state","staff_publication","composite_interactive","candidate title;version and checksum;specialist decisions;founder state;render/index checks;surface inventory;activation action;prior release recovery","review_candidate;specialist_passed;founder_approved;rendering;validation_failed;ready;activating;active;prior_active","STREAM-SCOPE-EXCLUDED","base;hover;focus-visible;pressed;disabled","loading;pending;success;error;permission_denied;stale;mismatched;unavailable","visible text plus shape icon border pattern or position;never color only","Complex checks become grouped list on narrow view;status text persistent;controlled updates;focus at changed heading;forced colors;no mixed-release visual shortcut","PF-01;SOF-01K;SOF-01L;EXCL-NONPUBLIC-PUBLICATION;EXCL-STAGING","D-025;D-026;D-035;D-036;D-019","PUB-001;PUB-002;PUB-003;PUB-004;PUB-005;SEC-001;SEC-002;UX-001","UXTEST-027;UXTEST-028;UXTEST-029;UXTEST-036;UXTEST-040","ACT-35;ACT-36;ACT-37;ACT-38;ACT-39;ACT-51;ACT-52","Reference full release lifecycle and failed component;later separation checksum atomicity and rollback evidence","Exact release operations;roles;legal signoff;activation authority remain gated"
"PRIM-054","Audit event viewer","staff_publication","composite_interactive","scope and redaction notice;bounded search controls;event chain;actor role;action class;time;before and after;integrity status;empty and recovery","timeline;table;detail;durable_fallback;integrity_gap","STREAM-SCOPE-EXCLUDED","base;hover;focus-visible;pressed;disabled","loading;empty;success;error;offline;permission_denied;unavailable;integrity_gap","visible text plus shape icon border pattern or position;never color only","Table and list parity;no secret or chat content;screen reader headers;focus and target size;forced colors;derived-index loss falls back to durable retrieval","SOF-01M","D-025;D-026;D-035;D-036;D-018;D-019","FR-016;DATA-010;SEC-001;SEC-002;SEC-007;SEC-008;UX-001","UXTEST-021;UXTEST-022;UXTEST-023;UXTEST-027;UXTEST-037","ACT-53","Reference authorized empty unavailable and integrity-gap states;later redaction read-only role and retrieval evidence","Audit fields;retention;export;search scope;owner;escalation remain gated"
"PRIM-055","Staff sign-in and reauthentication","system_access","composite_interactive","identity route heading;method choice only if approved;status;input or provider handoff;paste and assistive support;time-limit warning and extension control when applicable;recovery;no credential hints","Entra;reauthentication;approved_break_glass_route_only","STREAM-SCOPE-EXCLUDED","base;hover;focus-visible;pressed;disabled","loading;pending;success;error;offline;expired;permission_denied;unavailable","visible text plus shape icon border pattern or position;never color only","Keyboard and screen reader complete;no cognitive puzzle;any user time limit is removable or adjustable before it starts or warns with at least 20 seconds and permits a simple extension at least ten times or has a documented criterion-supported exception;preserve permitted data and last authoritative state;accessible reauthentication;forced colors;no private redirect detail","PF-01;EXCL-ADMIN","D-025;D-026;D-035;D-036;D-018","SEC-001;SEC-003;SEC-004;SEC-005;SEC-010;UX-001;UX-003","UXTEST-021;UXTEST-022;UXTEST-023;UXTEST-024;UXTEST-027;UXTEST-040;UXTEST-043","ACT-33","Reference signed-out provider-down expired and denied states;later controlled-clock branch warning extension expiry focus status recovery provider MFA cookie and negative-role evidence","Tenant;groups;exact method;break-glass activation;support route;credential values and exact durations remain gated"
"PRIM-056","Session and permission state","system_access","composite_interactive","plain state heading;last preserved state;non-disclosing reason;time-limit warning and extension control when applicable;reauthenticate;return or safe destination;status","signed_out;active_role;forbidden;idle_expired;absolute_expired;CSRF_failure;ambiguous_role","S-HIGH;S-LOW;S-MEDIUM;S-SEMANTIC","base;hover;focus-visible;pressed;disabled","pending;success;error;offline;expired;permission_denied;unavailable;stale","visible text plus shape icon border pattern or position;never color only","Focus on state heading;no draft or event-existence leak;any user time limit is removable or adjustable before it starts or warns with at least 20 seconds and permits a simple extension at least ten times or has a documented criterion-supported exception;preserve permitted data and last authoritative state;accessible reauthentication;forced-colors boundary","PF-01;SOF-01A;SOF-01B;SOF-01C;SOF-01D;SOF-01E;SOF-01F;SOF-01G;SOF-01H;SOF-01I;SOF-01J;SOF-01K;SOF-01L;SOF-01M;EXCL-ADMIN","D-025;D-026;D-035;D-036;D-018","SEC-001;SEC-002;SEC-004;SEC-005;UX-001;UX-003","UXTEST-021;UXTEST-022;UXTEST-027;UXTEST-037;UXTEST-040;UXTEST-043","ACT-33;ACT-34;ACT-35;ACT-36;ACT-37;ACT-40;ACT-41;ACT-42;ACT-43;ACT-44;ACT-45;ACT-46;ACT-47;ACT-48;ACT-49;ACT-50;ACT-51;ACT-52;ACT-53","Reference every session and permission branch;later controlled-clock branch warning extension expiry focus status recovery server authorization accessible reauthentication and non-disclosure evidence","Exact session and challenge durations;implementation/provider and role mappings remain gated"
"PRIM-057","Notification and live status region","system_feedback","status_announced","plain status text;state icon or boundary;scope;preserved-state statement;time-limit warning and extension status when applicable;next action;dismiss only if nonessential","inline_status;page_banner;field_status;toast_only_for_supplemental_feedback;polite_live;assertive_error","S-HIGH;S-LOW;S-MEDIUM;S-SEMANTIC","not_applicable","loading;pending;success;confirmed;error;offline;permission_denied;unavailable;stale;expired","visible text plus shape icon border pattern or position;never color only","Persistent essential text;announcements deduplicated;no focus theft;controlled auto-update;pause stop or hide if applicable;any user time limit is removable or adjustable before it starts or warns with at least 20 seconds and permits a simple extension at least ten times or has a documented criterion-supported exception;preserve permitted data and last authoritative state;accessible reauthentication where applicable;forced colors and reduced motion","all_public_route_families;AF-01;AF-02;BF-01;PF-01;SOF-01","D-025;D-026;D-035;D-036","UX-001;UX-003;UX-004;DATA-010;SEC-007","UXTEST-011;UXTEST-015;UXTEST-018;UXTEST-019;UXTEST-021;UXTEST-022;UXTEST-024;UXTEST-040","ACT-02;ACT-05;ACT-06;ACT-08;ACT-09;ACT-10;ACT-11;ACT-14;ACT-16;ACT-17;ACT-18;ACT-20;ACT-21;ACT-22;ACT-23;ACT-24;ACT-25;ACT-26;ACT-27;ACT-28;ACT-29;ACT-30;ACT-31;ACT-32;ACT-33;ACT-34;ACT-35;ACT-36;ACT-37;ACT-38;ACT-39;ACT-40;ACT-41;ACT-42;ACT-43;ACT-44;ACT-45;ACT-46;ACT-47;ACT-48;ACT-49;ACT-50;ACT-51;ACT-52;ACT-53","Reference announcement priority and persistence matrix;later controlled-clock branch warning extension expiry focus status recovery screen-reader deduplication and focus evidence","Exact messages;dismiss timing;exact timeout duration;operational detail remain gated"
"PRIM-058","Loading empty offline error and recovery container","system_feedback","composite_interactive","state heading;what happened;what remains valid;permitted data and last authoritative state;content or placeholder;time-limit warning and extension control when applicable;accessible reauthentication when applicable;smallest safe recovery;alternate route;status region","loading;empty;offline;error;held;unavailable;stale;permission_denied;expired;unknown","S-HIGH;S-LOW;S-MEDIUM;S-SEMANTIC","base;hover;focus-visible;pressed;disabled","loading;empty;offline;error;held;unavailable;stale;permission_denied;expired;unknown;success","visible text plus shape icon border pattern or position;never color only","Preserve valid prior content;no blank shell;reduced-motion progress;forced-colors boundary;asset-free;works at 320 CSS px and 400% zoom;focus on error summary or changed heading only;current latest two stable evergreen releases;Safari/iOS 16.4 minimum legacy floor;semantic Quick Access for below-floor or otherwise unsupported clients;any user time limit is removable or adjustable before it starts or warns with at least 20 seconds and permits a simple extension at least ten times or has a documented criterion-supported exception;preserve permitted data and last authoritative state;accessible reauthentication where applicable","all_public_route_families;J-01;J-02;J-04;AF-01;AF-02;BF-01;DF-01;PF-01;SOF-01;CF-01","D-025;D-026;D-035;D-036","FR-002;UX-001;UX-002;UX-003;UX-004;UX-005;DATA-010;NFR-004;NFR-006","UXTEST-001;UXTEST-007;UXTEST-008;UXTEST-011;UXTEST-017;UXTEST-018;UXTEST-020;UXTEST-021;UXTEST-022;UXTEST-023;UXTEST-024;UXTEST-025;UXTEST-026;UXTEST-029;UXTEST-032;UXTEST-037;UXTEST-040;UXTEST-044","ACT-02;ACT-03;ACT-04;ACT-05;ACT-06;ACT-08;ACT-13;ACT-14;ACT-16;ACT-17;ACT-18;ACT-20;ACT-21;ACT-22;ACT-23;ACT-24;ACT-25;ACT-26;ACT-28;ACT-29;ACT-30;ACT-31;ACT-32;ACT-33;ACT-34;ACT-35;ACT-36;ACT-37;ACT-38;ACT-39;ACT-41;ACT-42;ACT-43;ACT-44;ACT-45;ACT-46;ACT-47;ACT-48;ACT-49;ACT-50;ACT-51;ACT-52;ACT-53","Reference each state with preserved truth and recovery;WCAG 2.2 Level AA target evidence across all applicable full pages and complete processes including third-party steps;definition and reference designs do not establish conformance;later dated current-version browser matrix Safari mobile layout input and safe-area evidence unsupported-client semantic Quick Access recovery controlled-clock branch warning extension expiry focus status permitted-data and authoritative-state preservation accessible reauthentication forced-failure offline announcement and no-false-success evidence","Recovery copy;retry policy;cached-content policy;support route and exact durations remain gated"
"PRIM-059","Data visualization","media_data","composite_interactive","title;plain-language summary;plot;direct series labels;unit;period;scope or sample;source;limitation;legend only as supplement;table link","five_series;single_series;target;measured;missing;uncertainty","S-HIGH;S-LOW;S-MEDIUM;S-SEMANTIC","base;hover;focus-visible;pressed;disabled","loading;empty;held;error;offline;unavailable;success","visible text plus shape icon border pattern or position;never color only","Direct labels remain at least 12 CSS px;responsive alternate instead of scaled illegibility;grayscale;forced colors;reduced motion;no three-dimensional chart;exact-value table","verified_work_detail;demo_detail;article;trust_topic;SOF-01M","D-025;D-026;D-035;D-036;D-007","BR-007;PUB-006;UX-001;UX-003","UXTEST-022;UXTEST-023;UXTEST-024;UXTEST-025;UXTEST-026","ACT-13;ACT-53","Reference all five frozen series and missing uncertainty target states;later data-to-table parity contrast label and source evidence","Dataset;measure;benchmark;sample;outcome;source;review;publication remain gated"
"PRIM-060","Data table","media_data","composite_interactive","caption;column headers;row headers where needed;cells;state labels;source and limitation;sort only if approved;responsive-list route","read_only;sortable_if_approved;comparison;audit;exact_values","S-HIGH;S-LOW;S-MEDIUM;S-SEMANTIC","base;hover;focus-visible;pressed;disabled","loading;empty;held;error;offline;permission_denied;unavailable;success","visible text plus shape icon border pattern or position;never color only","Two-dimensional scroll only when genuine;sticky regions do not obscure focus;screen-reader headers;forced colors;equivalent list for constrained views","verified_work_detail;demo_detail;article;trust_topic;SOF-01C;SOF-01I;SOF-01J;SOF-01M","D-025;D-026;D-035;D-036","PUB-006;UX-001;UX-003;DATA-010;SEC-002","UXTEST-021;UXTEST-022;UXTEST-023;UXTEST-024;UXTEST-030;UXTEST-035;UXTEST-037","ACT-13;ACT-43;ACT-49;ACT-50;ACT-53","Reference table and constrained-list parity;later header navigation sort authorization and exact-value checks","Columns;data;sort;export;retention;owner remain gated"
"PRIM-061","Responsive data or record list","media_data","composite_interactive","list heading;item label;key-value pairs;state;source or version;primary action","table_equivalent;queue;source_list;audit_chain;summary","S-HIGH;S-LOW;S-MEDIUM;S-SEMANTIC","base;hover;focus-visible;pressed;disabled","loading;empty;held;error;offline;permission_denied;unavailable;success;stale","visible text plus shape icon border pattern or position;never color only","Primary constrained-width alternative;logical order;no lost column meaning;long values wrap;forced colors;keyboard links and buttons remain separate","all_collection_families;all_detail_families;SOF-01C;SOF-01I;SOF-01J;SOF-01M","D-025;D-026;D-035;D-036","FR-017;PUB-006;UX-001;UX-003;DATA-010","UXTEST-021;UXTEST-022;UXTEST-023;UXTEST-024;UXTEST-026;UXTEST-032;UXTEST-035;UXTEST-037","ACT-04;ACT-13;ACT-43;ACT-49;ACT-50;ACT-53","Reference list parity for collection table queue and audit uses;later reading-order and value completeness evidence","Record fields;data;owners;export remain gated"
"PRIM-062","Logo and entity lockup","content_evidence","static","current approved identity asset reference;full Hengshi Design text;accessible name or decorative treatment by context;clearspace;surface pairing","primary_dark;light_surface;monochrome;reverse;standard_mark;small_optical;favicon_context;text_only_asset_failure","S-HIGH;S-LOW;S-MEDIUM;S-SEMANTIC","not_applicable","base;unavailable_asset;forced_colors;grayscale;print","visible text plus shape icon border pattern or position;never color only","Full name at first contact and ambiguous contexts;minimum sizes and clearspace inherited;flat backgrounds;missing asset leaves text identity;forced colors grayscale print and small-size evidence","entity;all_public_route_families;public_shell;staff_shell","D-025;D-026;D-035;D-036;D-006","BR-006;SEO-009;UX-001","UXTEST-001;UXTEST-022;UXTEST-024","ACT-01;ACT-02","Reference uses only current manifest entries and exact geometry;later asset checksum small-size contrast and text-fallback evidence","Trademark clearance;public use;structured-data use;production mastering;licensed assets remain gated"
