batch_id,sequence,batch_name,objective,primary_template_ids,supporting_template_ids,primary_source_ids,supporting_or_final_evidence_ids,hard_prerequisite_batch_ids,prerequisites_and_held_inputs,required_visual_evidence,validation_and_review,stop_condition,status,browser_profile_id,time_limit_branch_ids
"B01","01","Semantic shell and recovery foundation","Establish the shared semantic shell navigation directory and status/recovery grammar before route-family screens","TPL-GLOBAL-NAVIGATION;TPL-DIRECTORY-SEARCH;TPL-SYSTEM-RECOVERY","","FLOW-NAVIGATION-SEARCH;FLOW-ERROR-OFFLINE-RECOVERY;DF-01;ACT-01;ACT-02;ACT-03;ACT-04;ACT-05;EXCL-INTERNAL-SEARCH;EXCL-TRACKING-PARAMETERS;EXCL-FILTER-SORT-VARIANTS","UXTEST-001;UXTEST-002;UXTEST-004;UXTEST-008;UXTEST-021;UXTEST-022;UXTEST-023;UXTEST-024;UXTEST-039;UXTEST-044","","MA-024 accepted; separate explicit future external Figma/Stitch production/write gate accepted; DESIGN_SYSTEM_IMPLICATIONS.md and component-primitives.csv reviewed","Complete VP-320 and VP-DESKTOP shell frames; narrow disclosure; no-results/index-unavailable/offline/error; 404/410 context; forced-colors grayscale unavailable font/image keyboard and screen-reader evidence; BP-NFR-006 proof: dated later QA selects the then-current latest two stable Chrome Edge Firefox and Safari release families; proves Safari/iOS 16.4 minimum-floor mobile layout input virtual-keyboard and safe-area behavior; and proves semantic Quick Access recovery below the floor or when otherwise unsupported; TL-WARN-EXTEND proof: warn at least 20 seconds before expiry and offer a simple extension of at least 10x; preserve permitted data and last authoritative state and show accessible reauthentication; exact durations remain gated","Independent design review; independent accessibility review; design-system and shell consistency inspection; normative WCAG 2.2 Level AA target review for every applicable full page and complete process including represented third-party steps; evidence does not claim current conformance","Stop for unresolved navigation labels route activation search behavior privacy policy or a material identity/primitive change","future_not_authorized","BP-NFR-006","TL-WARN-EXTEND"
"B02","02","Core public decision routes","Produce reusable home service-collection and about references plus their route-instance sheets","TPL-PUBLIC-HOME;TPL-SERVICE-COLLECTION;TPL-PUBLIC-ABOUT","TPL-GLOBAL-NAVIGATION;TPL-SYSTEM-RECOVERY","ROUTE-HOME;ROUTE-SERVICES;ROUTE-ABOUT;J-01","UXTEST-001;UXTEST-002;UXTEST-004;UXTEST-021;UXTEST-022;UXTEST-023;UXTEST-024;UXTEST-026;UXTEST-039;UXTEST-044","B01","B01 accepted visual evidence; approved D-025 D-026 D-035 D-036 inputs; exact copy remains visibly held","Home/service/about complete frames at VP-320 and VP-DESKTOP; maximum service density; held-fact missing-asset print and 400-percent-reflow evidence; all route sheets; BP-NFR-006 proof: dated later QA selects the then-current latest two stable Chrome Edge Firefox and Safari release families; proves Safari/iOS 16.4 minimum-floor mobile layout input virtual-keyboard and safe-area behavior; and proves semantic Quick Access recovery below the floor or when otherwise unsupported; TL-NOT-APPLICABLE is explicit; any later user time limit must select an allowed WCAG 2.2 SC 2.2.1 branch before production review","Independent design review; independent accessibility review; content-stress semantic hierarchy focus and contrast inspection; normative WCAG 2.2 Level AA target review for every applicable full page and complete process including represented third-party steps; evidence does not claim current conformance","Stop before inserting unverified entity history people offices awards proof or final public copy","future_not_authorized","BP-NFR-006","TL-NOT-APPLICABLE"
"B03","03","Services industries and wayfinding","Produce the shared wing service and industry patterns and instantiate five wings ten services and two sectors with exact route/room parity","TPL-SERVICE-WING;TPL-SERVICE-DETAIL;TPL-INDUSTRY-COLLECTION;TPL-INDUSTRY-DETAIL","TPL-GLOBAL-NAVIGATION;TPL-DIRECTORY-SEARCH;TPL-SYSTEM-RECOVERY","ROUTE-WING-STRATEGY;ROUTE-SERVICE-STRATEGY-ARCHITECTURE;ROUTE-WING-DIGITAL;ROUTE-SERVICE-PLATFORM-PRODUCT;ROUTE-SERVICE-PRODUCT-EXPERIENCE;ROUTE-SERVICE-COMMERCE-GROWTH;ROUTE-WING-AI-DATA;ROUTE-SERVICE-AI-AUTOMATION;ROUTE-SERVICE-DATA-ANALYTICS;ROUTE-WING-IMMERSIVE;ROUTE-SERVICE-SPATIAL;ROUTE-SERVICE-CREATIVE;ROUTE-WING-CLOUD-TRUST;ROUTE-SERVICE-CLOUD-RELIABILITY;ROUTE-SERVICE-SECURITY-TRUST;ROUTE-INDUSTRIES;ROUTE-INDUSTRY-AGRICULTURE;ROUTE-INDUSTRY-MINING;J-03;WING-AI-DATA;ROOM-AI-AUTOMATION;ROOM-DATA-ANALYTICS;WING-STRATEGY;ROOM-STRATEGY-ARCHITECTURE;WING-IMMERSIVE-CREATIVE;ROOM-SPATIAL-IMMERSIVE;ROOM-CREATIVE-VISUAL;WING-DIGITAL-GROWTH;ROOM-PLATFORM-PRODUCT;ROOM-PRODUCT-EXPERIENCE;ROOM-COMMERCE-GROWTH;WING-CLOUD-TRUST;ROOM-CLOUD-RELIABILITY;ROOM-SECURITY-TRUST","UXTEST-002;UXTEST-003;UXTEST-004;UXTEST-021;UXTEST-022;UXTEST-023;UXTEST-024;UXTEST-026;UXTEST-038;UXTEST-039;UXTEST-044","B01;B02","B01 and B02 accepted visual evidence; D-025 retention of /industries; accepted wayfinding map unchanged","One- and three-service wing density; all four release states; long formal title and concise sign pairing; service source/limitation failures; sector held/missing-image states; route sheets for every instance; BP-NFR-006 proof: dated later QA selects the then-current latest two stable Chrome Edge Firefox and Safari release families; proves Safari/iOS 16.4 minimum-floor mobile layout input virtual-keyboard and safe-area behavior; and proves semantic Quick Access recovery below the floor or when otherwise unsupported; TL-NOT-APPLICABLE is explicit; any later user time limit must select an allowed WCAG 2.2 SC 2.2.1 branch before production review","Independent design review; independent accessibility review; exact route room title path ordinal release-state stereotype and unsupported-claim inspection; normative WCAG 2.2 Level AA target review for every applicable full page and complete process including represented third-party steps; evidence does not claim current conformance","Stop for changed service taxonomy route path room title sector claim ownership or release policy","future_not_authorized","BP-NFR-006","TL-NOT-APPLICABLE"
"B04","04","Evidence and publication-facing public routes","Produce the five collection/detail reference pairs while preserving Work Demo Insight Expert and Trust evidence classes","TPL-WORK-COLLECTION;TPL-WORK-DETAIL;TPL-DEMO-COLLECTION;TPL-DEMO-DETAIL;TPL-INSIGHT-COLLECTION;TPL-INSIGHT-DETAIL;TPL-EXPERT-COLLECTION;TPL-EXPERT-DETAIL;TPL-TRUST-COLLECTION;TPL-TRUST-DETAIL","TPL-GLOBAL-NAVIGATION;TPL-DIRECTORY-SEARCH;TPL-SYSTEM-RECOVERY","ROUTE-WORK;ROUTE-WORK-DETAIL;ROUTE-DEMOS;ROUTE-DEMO-DETAIL;ROUTE-INSIGHTS;ROUTE-INSIGHT-DETAIL;ROUTE-EXPERTS;ROUTE-EXPERT-DETAIL;ROUTE-TRUST;ROUTE-TRUST-DETAIL;J-04;ACT-13","UXTEST-001;UXTEST-003;UXTEST-013;UXTEST-021;UXTEST-022;UXTEST-023;UXTEST-024;UXTEST-025;UXTEST-026;UXTEST-028;UXTEST-029;UXTEST-030;UXTEST-036;UXTEST-039;UXTEST-040;UXTEST-041;UXTEST-044","B01","B01 accepted visual evidence; approved evidence grammar; real records remain gated","Honest-empty and held collection frames; visibly non-public maximum-density fixtures; verified/demo/proposed/held detail variants; source checksum media and asset failure; 320 desktop 400-percent and print evidence; ten route sheets; BP-NFR-006 proof: dated later QA selects the then-current latest two stable Chrome Edge Firefox and Safari release families; proves Safari/iOS 16.4 minimum-floor mobile layout input virtual-keyboard and safe-area behavior; and proves semantic Quick Access recovery below the floor or when otherwise unsupported; TL-NOT-APPLICABLE is explicit; any later user time limit must select an allowed WCAG 2.2 SC 2.2.1 branch before production review","Independent design review; independent accessibility review; Work/Demo proposed/implemented source/limitation content-stress focus contrast and print inspection; normative WCAG 2.2 Level AA target review for every applicable full page and complete process including represented third-party steps; evidence does not claim current conformance","Stop before creating a real client outcome person credential certification assurance or public record without verified inputs and publication approval","future_not_authorized","BP-NFR-006","TL-NOT-APPLICABLE"
"B05","05","Concierge handoff media and contact","Produce grounded AI human continuity optional media and contact references without inventing provider or response behavior","TPL-AI-CONCIERGE;TPL-HUMAN-HANDOFF;TPL-MEDIA-OPT-IN;TPL-PUBLIC-CONTACT","TPL-GLOBAL-NAVIGATION;TPL-SYSTEM-RECOVERY;TPL-BOOKING-SHELL","ROUTE-CONTACT;FLOW-AI;FLOW-HUMAN-HANDOFF;FLOW-MEDIA-OPT-IN;FLOW-CONTACT;J-05;AF-01;AF-02;CF-01;ACT-14;ACT-15;ACT-16;ACT-17;ACT-18;ACT-19;ACT-32;EXCL-CHAT-SESSIONS","ROUTE-BOOK;UXTEST-009;UXTEST-010;UXTEST-011;UXTEST-012;UXTEST-013;UXTEST-015;UXTEST-021;UXTEST-022;UXTEST-023;UXTEST-024;UXTEST-025;UXTEST-026;UXTEST-030;UXTEST-032;UXTEST-033;UXTEST-039;UXTEST-040;UXTEST-041;UXTEST-042;UXTEST-044","B01","B01 accepted visual evidence; privacy security legal and provider facts remain gated; no external connection required for reference production","AI consent ephemeral and consented states; sourced cannot-verify refusal unavailable resume/expiry; handoff offered pending queued unavailable active and ended; media opt-in denied/unsupported; contact validation pending duplicate offline; keyboard prototype and screen-reader annotations; BP-NFR-006 proof: dated later QA selects the then-current latest two stable Chrome Edge Firefox and Safari release families; proves Safari/iOS 16.4 minimum-floor mobile layout input virtual-keyboard and safe-area behavior; and proves semantic Quick Access recovery below the floor or when otherwise unsupported; TL-WARN-EXTEND proof: warn at least 20 seconds before expiry and offer a simple extension of at least 10x; preserve permitted data and last authoritative state and show accessible reauthentication; exact durations remain gated","Independent design review; independent accessibility review; consent separation false-availability content-analytics duplicate-submit focus and recovery inspection; later privacy and security review; normative WCAG 2.2 Level AA target review for every applicable full page and complete process including represented third-party steps; evidence does not claim current conformance","Stop for exact consent refusal legal copy provider routing retention presence SLA real channels or media policy","future_not_authorized","BP-NFR-006","TL-WARN-EXTEND"
"B06","06","Qualified booking lineage","Produce one independently reachable durable booking lineage across qualification email challenge availability review confirmation reschedule cancellation and ambiguity recovery","TPL-BOOKING-SHELL;TPL-BOOKING-QUALIFICATION;TPL-BOOKING-VERIFICATION;TPL-BOOKING-AVAILABILITY;TPL-BOOKING-RECONCILIATION","TPL-GLOBAL-NAVIGATION;TPL-SYSTEM-RECOVERY","ROUTE-BOOK;FLOW-BOOKING-LINEAGE;BF-01;BF-01A;BF-01B;BF-01C;BF-01D;BF-01E;ACT-20;ACT-21;ACT-22;ACT-23;ACT-24;ACT-25;ACT-26;ACT-27;ACT-28;ACT-29;ACT-30;ACT-31","J-01;UXTEST-004;UXTEST-014;UXTEST-015;UXTEST-016;UXTEST-017;UXTEST-018;UXTEST-019;UXTEST-020;UXTEST-021;UXTEST-022;UXTEST-023;UXTEST-024;UXTEST-030;UXTEST-033;UXTEST-035;UXTEST-040;UXTEST-042;UXTEST-043;UXTEST-044;UXTEST-045","B01","B01 shared shell/recovery accepted visual evidence; own held mailbox provider calendar challenge consent and legal inputs remain gated; no prior AI human handoff media World account audio or upload dependency; any B05 consistency review is non-blocking","Complete frames at VP-320 VP-LANDSCAPE and VP-DESKTOP for every lineage milestone; validation challenge expiry undeliverable no-slot stale-slot pending reconciliation confirmed reschedule/cancel ambiguity; two-tab duplicate and printable summary evidence; BP-NFR-006 proof: dated later QA selects the then-current latest two stable Chrome Edge Firefox and Safari release families; proves Safari/iOS 16.4 minimum-floor mobile layout input virtual-keyboard and safe-area behavior; and proves semantic Quick Access recovery below the floor or when otherwise unsupported; TL-WARN-EXTEND proof: warn at least 20 seconds before expiry and offer a simple extension of at least 10x; preserve permitted data and last authoritative state and show accessible reauthentication; exact durations remain gated","Independent design review; independent accessibility review; lineage idempotency state-transition six-field optional-budget time-zone focus error contrast and recovery inspection; later security and QA review; normative WCAG 2.2 Level AA target review for every applicable full page and complete process including represented third-party steps; evidence does not claim current conformance","Stop for any false success retry of unknown state invented provider behavior extra field response promise or missing authoritative reconciliation path","future_not_authorized","BP-NFR-006","TL-WARN-EXTEND"
"B07","07","Optional World HUD and Quick Access parity","Produce onboarding return visit World shell HUD threshold room interruption and non-WebGL recovery references as an optional enhancement","TPL-FIRST-VISIT;TPL-RETURN-VISIT;TPL-WORLD-SHELL;TPL-WORLD-HUD;TPL-QUICK-ACCESS-RECOVERY","TPL-GLOBAL-NAVIGATION;TPL-DIRECTORY-SEARCH;TPL-SERVICE-WING;TPL-SERVICE-DETAIL;TPL-SYSTEM-RECOVERY","FLOW-FIRST-VISIT;FLOW-RETURN-VISIT;FLOW-WORLD-HUD-FALLBACK;J-02;FV-01;RV-01;ACT-06;ACT-07;ACT-08;ACT-09;ACT-10;ACT-11;ACT-12;ACT-40;EXCL-WORLD","DF-01;WING-AI-DATA;ROOM-AI-AUTOMATION;ROOM-DATA-ANALYTICS;WING-STRATEGY;ROOM-STRATEGY-ARCHITECTURE;WING-IMMERSIVE-CREATIVE;ROOM-SPATIAL-IMMERSIVE;ROOM-CREATIVE-VISUAL;WING-DIGITAL-GROWTH;ROOM-PLATFORM-PRODUCT;ROOM-PRODUCT-EXPERIENCE;ROOM-COMMERCE-GROWTH;WING-CLOUD-TRUST;ROOM-CLOUD-RELIABILITY;ROOM-SECURITY-TRUST;UXTEST-003;UXTEST-005;UXTEST-006;UXTEST-007;UXTEST-021;UXTEST-022;UXTEST-023;UXTEST-024;UXTEST-025;UXTEST-038;UXTEST-039;UXTEST-040;UXTEST-044","B01;B03","B01 and B03 accepted visual evidence; separate 3D storyboard provenance and asset specification approved; GLB reuse still requires MA-004","Semantic-first choice; audio-off default; standard reduced-motion low-power and skip; HUD controls at 320 landscape desktop and 400-percent; closed held opening open; context/network/asset/WebGL failure; exact paired Quick Access destinations; BP-NFR-006 proof: dated later QA selects the then-current latest two stable Chrome Edge Firefox and Safari release families; proves Safari/iOS 16.4 minimum-floor mobile layout input virtual-keyboard and safe-area behavior; and proves semantic Quick Access recovery below the floor or when otherwise unsupported; TL-REMOVABLE-ADJUSTABLE proof: World/onboarding user limits are removable or adjustable before start; preserve permitted data and last authoritative state; show accessible reauthentication if later applicable; exact durations remain gated","Independent design review; independent accessibility review; DOM-overlay keyboard screen-reader no-canvas-only route checksum release-parity motion and performance inspection; later independent 3D review; normative WCAG 2.2 Level AA target review for every applicable full page and complete process including represented third-party steps; evidence does not claim current conformance","Stop for unapproved geometry asset sound motion release label or any World-only essential content/action","future_not_authorized","BP-NFR-006","TL-REMOVABLE-ADJUSTABLE"
"B08","08","Staff auth operations publication and audit","Produce protected staff references for sign-in queues work detail publishing release and read-only audit with deny-by-default states","TPL-STAFF-AUTH;TPL-STAFF-QUEUE;TPL-STAFF-WORK-DETAIL;TPL-PUBLICATION-EDITOR;TPL-PUBLICATION-REVIEW-RELEASE;TPL-AUDIT-INSPECTION","TPL-SYSTEM-RECOVERY;TPL-BOOKING-RECONCILIATION;TPL-HUMAN-HANDOFF","FLOW-STAFF-PUBLICATION-OPERATIONS;FLOW-AUTH-SESSION-PERMISSION;PF-01;SOF-01;SOF-01A;SOF-01B;SOF-01C;SOF-01D;SOF-01E;SOF-01F;SOF-01G;SOF-01H;SOF-01I;SOF-01J;SOF-01K;SOF-01L;SOF-01M;ACT-33;ACT-34;ACT-35;ACT-36;ACT-37;ACT-38;ACT-39;ACT-41;ACT-42;ACT-43;ACT-44;ACT-45;ACT-46;ACT-47;ACT-48;ACT-49;ACT-50;ACT-51;ACT-52;ACT-53;EXCL-ADMIN;EXCL-NONPUBLIC-PUBLICATION;EXCL-STAGING;EXCL-DEFENSE","UXTEST-027;UXTEST-028;UXTEST-029;UXTEST-030;UXTEST-031;UXTEST-032;UXTEST-033;UXTEST-034;UXTEST-035;UXTEST-036;UXTEST-037;UXTEST-040;UXTEST-042;UXTEST-043","B01","B01 accepted visual evidence; technical architecture security role and audit contracts approved; external identity/provider operation not needed for static references","Signed-out/authorized/forbidden/expiry/provider-unavailable; empty/max/stale queues; current/pending/conflict work; draft/review/founder/candidate/render/activation/prior-active; audit index failure/integrity gap; 320 tablet desktop 400-percent and print where applicable; BP-NFR-006 proof: dated later QA selects the then-current latest two stable Chrome Edge Firefox and Safari release families; proves Safari/iOS 16.4 minimum-floor mobile layout input virtual-keyboard and safe-area behavior; and proves semantic Quick Access recovery below the floor or when otherwise unsupported; TL-WARN-EXTEND proof: warn at least 20 seconds before expiry and offer a simple extension of at least 10x; preserve permitted data and last authoritative state and show accessible reauthentication; exact durations remain gated","Independent design review; independent accessibility review; negative-role disclosure version checksum no-self-approval focus contrast data-density and semantic-table inspection; later security and QA review; normative WCAG 2.2 Level AA target review for every applicable full page and complete process including represented third-party steps; evidence does not claim current conformance","Stop for invented roles permissions break-glass behavior rejection taxonomy retention export capability or provider status","future_not_authorized","BP-NFR-006","TL-WARN-EXTEND"
"B09","09","Cross-surface mode proof and evidence freeze","Close every contracted viewport state mode content-stress focus and route/flow instance gap then freeze the reviewed visual package","","TPL-PUBLIC-HOME;TPL-SERVICE-COLLECTION;TPL-SERVICE-WING;TPL-SERVICE-DETAIL;TPL-INDUSTRY-COLLECTION;TPL-INDUSTRY-DETAIL;TPL-WORK-COLLECTION;TPL-WORK-DETAIL;TPL-DEMO-COLLECTION;TPL-DEMO-DETAIL;TPL-INSIGHT-COLLECTION;TPL-INSIGHT-DETAIL;TPL-EXPERT-COLLECTION;TPL-EXPERT-DETAIL;TPL-TRUST-COLLECTION;TPL-TRUST-DETAIL;TPL-PUBLIC-ABOUT;TPL-PUBLIC-CONTACT;TPL-BOOKING-SHELL;TPL-GLOBAL-NAVIGATION;TPL-DIRECTORY-SEARCH;TPL-FIRST-VISIT;TPL-RETURN-VISIT;TPL-WORLD-SHELL;TPL-WORLD-HUD;TPL-QUICK-ACCESS-RECOVERY;TPL-AI-CONCIERGE;TPL-HUMAN-HANDOFF;TPL-MEDIA-OPT-IN;TPL-BOOKING-QUALIFICATION;TPL-BOOKING-VERIFICATION;TPL-BOOKING-AVAILABILITY;TPL-BOOKING-RECONCILIATION;TPL-STAFF-AUTH;TPL-STAFF-QUEUE;TPL-STAFF-WORK-DETAIL;TPL-PUBLICATION-EDITOR;TPL-PUBLICATION-REVIEW-RELEASE;TPL-AUDIT-INSPECTION;TPL-SYSTEM-RECOVERY","","UXTEST-001;UXTEST-002;UXTEST-003;UXTEST-004;UXTEST-005;UXTEST-006;UXTEST-007;UXTEST-008;UXTEST-009;UXTEST-010;UXTEST-011;UXTEST-012;UXTEST-013;UXTEST-014;UXTEST-015;UXTEST-016;UXTEST-017;UXTEST-018;UXTEST-019;UXTEST-020;UXTEST-021;UXTEST-022;UXTEST-023;UXTEST-024;UXTEST-025;UXTEST-026;UXTEST-027;UXTEST-028;UXTEST-029;UXTEST-030;UXTEST-031;UXTEST-032;UXTEST-033;UXTEST-034;UXTEST-035;UXTEST-036;UXTEST-037;UXTEST-038;UXTEST-039;UXTEST-040;UXTEST-041;UXTEST-042;UXTEST-043;UXTEST-044;UXTEST-045","B01;B02;B03;B04;B05;B06;B07;B08","Every batch listed in hard_prerequisite_batch_ids has accepted visual evidence; all review findings resolved within three UI revisions","Evidence index with unique frame names and template/instance links; every required state/mode/viewport proven by frame variant annotation prototype or test capture; real content stress and asset map; docs/ui/UI_SPEC.md produced only within the separately authorized visual-production task; BP-NFR-006 proof: dated later QA selects the then-current latest two stable Chrome Edge Firefox and Safari release families; proves Safari/iOS 16.4 minimum-floor mobile layout input virtual-keyboard and safe-area behavior; and proves semantic Quick Access recovery below the floor or when otherwise unsupported; Prove every assigned TL-REMOVABLE-ADJUSTABLE and TL-WARN-EXTEND branch; the former is removable or adjustable before start and the latter warns at least 20 seconds before expiry and offers a simple extension of at least 10x; preserve permitted data and last authoritative state and show accessible reauthentication; exact durations remain gated","Independent design review; independent accessibility review; deterministic coverage validation manual evidence audit security and QA review for affected surfaces; founder review of final visual direction; normative WCAG 2.2 Level AA target review for every applicable full page and complete process including represented third-party steps; evidence does not claim current conformance","Stop and request a founder decision for material product/brand tradeoffs final visual direction paid/licensed assets exact public/legal copy or revision-limit exhaustion","future_not_authorized","BP-NFR-006","TL-REMOVABLE-ADJUSTABLE;TL-WARN-EXTEND"
