coverage_id,coverage_kind,source_id,flow_family,action_name,template_ids,state_profile,viewport_profile,mode_profile,success_or_expected_state,error_empty_pending_state,recovery,linked_tests,gate,browser_profile,time_limit_branch
"COV-FLOW-NAVIGATION-SEARCH","flow_family","FLOW-NAVIGATION-SEARCH","NAVIGATION_SEARCH","Semantic navigation breadcrumbs directory search and clean canonical result access","TPL-GLOBAL-NAVIGATION;TPL-DIRECTORY-SEARCH","SP-NAVIGATION","VP-INTERACTIVE","MP-INTERACTIVE","Every public destination and active-release result remains semantically reachable","Closed menu empty query no results stale index offline focus interruption 404 and 410 are distinct","Initial HTML links static directory clear browse nearest canonical Home or Book with predictable focus","UXTEST-001;UXTEST-002;UXTEST-004;UXTEST-008;UXTEST-021;UXTEST-022;UXTEST-023;UXTEST-024;UXTEST-039;UXTEST-044","Route activation search provider and any URL-backed search/filter state remain gated","BP-NFR-006","TL-NOT-APPLICABLE"
"COV-FLOW-FIRST-VISIT","flow_family","FLOW-FIRST-VISIT","FIRST_RETURN_VISIT","First visit semantic access and optional World choice","TPL-FIRST-VISIT;TPL-GLOBAL-NAVIGATION","SP-FIRST-VISIT","VP-WORLD","MP-WORLD","Semantic content has no modal gate; World choice explains controls and offers standard reduced low-power skip and Quick Access","Preference write failure or optional experience failure cannot block content or Book","Continue with session defaults or Quick Access and focus the H1/location announcement","UXTEST-001;UXTEST-005;UXTEST-007;UXTEST-021;UXTEST-023;UXTEST-025","Final onboarding copy preference persistence and World production remain gated","BP-NFR-006","TL-REMOVABLE-ADJUSTABLE"
"COV-FLOW-RETURN-VISIT","flow_family","FLOW-RETURN-VISIT","FIRST_RETURN_VISIT","Return choice with Resume Reception Replay and Quick Access","TPL-RETURN-VISIT;TPL-QUICK-ACCESS-RECOVERY","SP-RETURN-VISIT","VP-WORLD","MP-WORLD","Valid non-sensitive public location can be resumed without identity inference","Absent stale closed retired unavailable or checksum-mismatched location is stated truthfully","Reception nearest canonical or Quick Access; stale preference cleared with status","UXTEST-006;UXTEST-007;UXTEST-021;UXTEST-022;UXTEST-025","Preference storage exact copy and active destination remain gated","BP-NFR-006","TL-NOT-APPLICABLE"
"COV-FLOW-WORLD-HUD-FALLBACK","flow_family","FLOW-WORLD-HUD-FALLBACK","WORLD_HUD_FALLBACK","Optional World onboarding loader Reception HUD wayfinding room states Exit and Quick Access","TPL-WORLD-SHELL;TPL-WORLD-HUD;TPL-QUICK-ACCESS-RECOVERY","SP-WORLD","VP-WORLD","MP-WORLD","Same active release and actions as semantic route with persistent DOM controls","Unsupported WebGL low power asset/network/context/memory/thermal/transition and mapping failures remain non-success states","Immediate Quick Access with safe route/wing context and no content or booking loss","UXTEST-003;UXTEST-005;UXTEST-007;UXTEST-021;UXTEST-023;UXTEST-025;UXTEST-038;UXTEST-039;UXTEST-040","3D storyboard assets provenance performance copy and external production remain gated","BP-NFR-006","TL-REMOVABLE-ADJUSTABLE"
"COV-FLOW-AI","flow_family","FLOW-AI","AI","Anonymous Reception AI Concierge consent grounding source refusal resume human and Book flow","TPL-AI-CONCIERGE;TPL-QUICK-ACCESS-RECOVERY","SP-AI","VP-INTERACTIVE","MP-INTERACTIVE","Sourced answer safe refusal deliberate handoff or deliberate Book","Missing conflicting stale private or disallowed evidence plus provider policy session and transport failures are explicit","Cannot verify approved source new ephemeral session explicitly available human Contact or Book","UXTEST-009;UXTEST-010;UXTEST-011;UXTEST-021;UXTEST-022;UXTEST-024;UXTEST-025","Exact consent/refusal/legal copy knowledge bundle providers entitlement and live capability remain gated","BP-NFR-006","TL-WARN-EXTEND"
"COV-FLOW-HUMAN-HANDOFF","flow_family","FLOW-HUMAN-HANDOFF","HUMAN_HANDOFF_MEDIA","Explicitly available human durable handoff and governed text conversation","TPL-HUMAN-HANDOFF;TPL-QUICK-ACCESS-RECOVERY","SP-HANDOFF-MEDIA","VP-INTERACTIVE","MP-INTERACTIVE","One durable request reaches accepted text-active or a deliberate Book path","Unavailable staff consent decline duplicate console outage pending alert failure expiry and decline stay truthful","Resume or refresh durable state retry alert staff-side continue text Contact or Book without an SLA","UXTEST-012;UXTEST-032;UXTEST-033","Owners backups availability consent groups recipients escalation closure and SLA remain gated","BP-NFR-006","TL-WARN-EXTEND"
"COV-FLOW-MEDIA-OPT-IN","flow_family","FLOW-MEDIA-OPT-IN","HUMAN_HANDOFF_MEDIA","Separate voice/video opt-in and accessible media alternatives","TPL-MEDIA-OPT-IN;TPL-HUMAN-HANDOFF","SP-HANDOFF-MEDIA","VP-INTERACTIVE","MP-INTERACTIVE","Media starts only after explicit permission with required alternatives","Declined denied unsupported failed or missing captions transcript description rights remains held","Text and Book continue; permission guidance; media never restarts automatically","UXTEST-013;UXTEST-025;UXTEST-041","Provider rights captions transcript audio description applicability and live capability remain gated","BP-NFR-006","TL-WARN-EXTEND"
"COV-FLOW-BOOKING-LINEAGE","flow_family","FLOW-BOOKING-LINEAGE","BOOKING_LINEAGE","Complete direct booking qualification email ownership availability slot review durable pending confirmation reschedule and cancellation lineage","TPL-BOOKING-SHELL;TPL-BOOKING-QUALIFICATION;TPL-BOOKING-VERIFICATION;TPL-BOOKING-AVAILABILITY;TPL-BOOKING-RECONCILIATION","SP-BOOKING","VP-INTERACTIVE","MP-INTERACTIVE","One verified consented reconciled 30-minute qualified booking lineage","Every validation consent challenge availability slot offline duplicate provider ambiguity session reschedule and cancel branch remains distinct; pending is never success","Correct status-check resend reauthenticate refresh reconcile or approved support under the same lineage and idempotency identity","UXTEST-004;UXTEST-014;UXTEST-015;UXTEST-016;UXTEST-017;UXTEST-018;UXTEST-019;UXTEST-020;UXTEST-042;UXTEST-043;UXTEST-044;UXTEST-045","Exact legal copy provider mailbox owner availability challenge timing no-slot reschedule cancel retention and support remain gated","BP-NFR-006","TL-WARN-EXTEND"
"COV-FLOW-CONTACT","flow_family","FLOW-CONTACT","CONTACT","Verified contact/help choices and idempotent submission states","TPL-PUBLIC-CONTACT;TPL-QUICK-ACCESS-RECOVERY","SP-CONTACT","VP-INTERACTIVE","MP-INTERACTIVE","One truthful accepted or pending contact record through an approved channel","Channels held invalid consent-declined duplicate unavailable offline and failed states do not imply delivery","Correct same-idempotency retry verified alternate or Book without a response promise","UXTEST-004;UXTEST-015;UXTEST-021;UXTEST-022;UXTEST-023;UXTEST-026","Verified channels fields consent/privacy copy owner routing retention and SLA remain gated","BP-NFR-006","TL-NOT-APPLICABLE"
"COV-FLOW-STAFF-PUBLICATION","flow_family","FLOW-STAFF-PUBLICATION-OPERATIONS","STAFF_PUBLICATION_OPERATIONS","Staff availability conversation assignment booking exception evidence SEO knowledge publication and audit operations","TPL-STAFF-QUEUE;TPL-STAFF-WORK-DETAIL;TPL-PUBLICATION-EDITOR;TPL-PUBLICATION-REVIEW-RELEASE;TPL-AUDIT-INSPECTION","SP-STAFF-WORK","VP-STAFF","MP-STAFF","Authorized version-aware auditable operation reaches truthful success","Empty loading pending stale conflict unavailable provider derived-index permission and session states remain distinct","Refresh durable truth reauthenticate hold return through workflow reconcile or approved escalation; prior public release remains active","UXTEST-027;UXTEST-028;UXTEST-029;UXTEST-031;UXTEST-032;UXTEST-033;UXTEST-034;UXTEST-035;UXTEST-036;UXTEST-037","Named roles owners fields providers reasons escalation legal sign-off and activation authority remain gated","BP-NFR-006","TL-WARN-EXTEND"
"COV-FLOW-AUTH-SESSION-PERMISSION","flow_family","FLOW-AUTH-SESSION-PERMISSION","AUTH_SESSION_PERMISSION","Staff sign-in reauthentication session and negative-permission branches","TPL-STAFF-AUTH;TPL-SYSTEM-RECOVERY","SP-AUTH","VP-STAFF","MP-STAFF","Authorized role session only after authoritative identity and role checks","Signed out provider unavailable missing/ambiguous role forbidden idle/absolute expiry CSRF/rotation failure and dormant break glass deny safely","Accessible reauthentication approved support or separately controlled break-glass process with no state change or data leak","UXTEST-021;UXTEST-022;UXTEST-027;UXTEST-037;UXTEST-040;UXTEST-043","Tenant groups exact privileges identity provider break-glass activation and security architecture remain gated","BP-NFR-006","TL-WARN-EXTEND"
"COV-FLOW-ERROR-OFFLINE-RECOVERY","flow_family","FLOW-ERROR-OFFLINE-RECOVERY","ERROR_OFFLINE_RECOVERY","Shared loading empty pending unavailable offline error permission session stale conflict asset and checksum recovery","TPL-SYSTEM-RECOVERY;TPL-QUICK-ACCESS-RECOVERY","SP-SYSTEM-RECOVERY","VP-INTERACTIVE","MP-INTERACTIVE","Last authoritative truth and already-approved content remain usable","No blank shell hidden queue false success false availability silent fallback or protected detail leakage","Smallest safe correct status-check retry refresh reauthenticate Quick Access Contact human or Book action","UXTEST-001;UXTEST-007;UXTEST-008;UXTEST-011;UXTEST-017;UXTEST-018;UXTEST-020;UXTEST-021;UXTEST-022;UXTEST-023;UXTEST-024;UXTEST-025;UXTEST-029;UXTEST-032;UXTEST-037;UXTEST-044","Exact error copy cache retry support escalation and provider policy remain gated","BP-NFR-006","TL-WARN-EXTEND"
"COV-ACT-01","action","ACT-01","NAVIGATION_SEARCH","Open primary navigation","TPL-GLOBAL-NAVIGATION","SP-NAVIGATION","VP-PUBLIC","MP-PUBLIC","Destinations visible and focus enters menu","Control failure or JavaScript absent","Semantic initial-HTML links; reload or skip link; focus returns on close","UXTEST-001;UXTEST-021;UXTEST-022;UXTEST-023;UXTEST-039","Final labels and route activation","BP-NFR-006","TL-NOT-APPLICABLE"
"COV-ACT-02","action","ACT-02","NAVIGATION_SEARCH","Open canonical route","TPL-GLOBAL-NAVIGATION;TPL-QUICK-ACCESS-RECOVERY","SP-PUBLIC-DOCUMENT","VP-PUBLIC","MP-PUBLIC","Complete active-release document H1 and context","Loading offline unknown 404 retired 410 or release unavailable","Approved cached/prior truth; retry; directory; nearest canonical; Home or Book","UXTEST-001;UXTEST-002;UXTEST-004;UXTEST-044","Route content approval and release activation","BP-NFR-006","TL-NOT-APPLICABLE"
"COV-ACT-03","action","ACT-03","NAVIGATION_SEARCH","Open directory/search","TPL-DIRECTORY-SEARCH","SP-NAVIGATION","VP-INTERACTIVE","MP-INTERACTIVE","Search and browse groups available","Index loading or unavailable; focus failure","Static active-release directory; Quick Access; restore invoker focus","UXTEST-008;UXTEST-021;UXTEST-022","Search provider and ranking","BP-NFR-006","TL-NOT-APPLICABLE"
"COV-ACT-04","action","ACT-04","NAVIGATION_SEARCH","Submit search","TPL-DIRECTORY-SEARCH","SP-NAVIGATION","VP-INTERACTIVE","MP-INTERACTIVE","Canonical result list","Empty query no results or derived index/checksum failure","Browse categories; clear; static directory; never search draft/private data","UXTEST-008;UXTEST-028;UXTEST-030","Query taxonomy analytics and provider","BP-NFR-006","TL-NOT-APPLICABLE"
"COV-ACT-05","action","ACT-05","WORLD_HUD_FALLBACK","Open result or room","TPL-DIRECTORY-SEARCH;TPL-WORLD-HUD;TPL-QUICK-ACCESS-RECOVERY","SP-WORLD","VP-WORLD","MP-WORLD","Canonical document or optional directed transition","Closed room missing asset or stale result","Canonical semantic route or Quick Access with safe context","UXTEST-003;UXTEST-007;UXTEST-008;UXTEST-038","Room activation 3D assets and route publication","BP-NFR-006","TL-REMOVABLE-ADJUSTABLE"
"COV-ACT-06","action","ACT-06","WORLD_HUD_FALLBACK","Enter optional World","TPL-FIRST-VISIT;TPL-WORLD-SHELL;TPL-QUICK-ACCESS-RECOVERY","SP-WORLD","VP-WORLD","MP-WORLD","Onboarding or stable Reception","Unsupported WebGL low power loader asset or network error","Quick Access immediately retaining source route/wing context","UXTEST-005;UXTEST-007;UXTEST-025","World design production and assets","BP-NFR-006","TL-REMOVABLE-ADJUSTABLE"
"COV-ACT-07","action","ACT-07","FIRST_RETURN_VISIT","Skip intro or guide","TPL-FIRST-VISIT;TPL-WORLD-SHELL","SP-FIRST-VISIT","VP-WORLD","MP-WORLD","Stable Reception or chosen semantic destination","Transition interrupted","Jump to stable end state and announce location","UXTEST-005;UXTEST-021;UXTEST-025","Final onboarding copy and motion design","BP-NFR-006","TL-REMOVABLE-ADJUSTABLE"
"COV-ACT-08","action","ACT-08","WORLD_HUD_FALLBACK","Navigate immersive destination","TPL-WORLD-SHELL;TPL-WORLD-HUD;TPL-QUICK-ACCESS-RECOVERY","SP-WORLD","VP-WORLD","MP-WORLD","Directed point-and-click transition and location update","Transition asset memory or thermal failure","Cancel motion; stable current location; quality downgrade or canonical route","UXTEST-003;UXTEST-007;UXTEST-025;UXTEST-039;UXTEST-040","3D storyboard performance and implementation","BP-NFR-006","TL-REMOVABLE-ADJUSTABLE"
"COV-ACT-09","action","ACT-09","WORLD_HUD_FALLBACK","Toggle quality","TPL-WORLD-HUD;TPL-QUICK-ACCESS-RECOVERY","SP-WORLD","VP-WORLD","MP-WORLD","Labeled quality state applied","Unsupported tier or change failure","Prior stable tier; low power; Quick Access; no content loss","UXTEST-007;UXTEST-025","Exact quality tiers and performance thresholds","BP-NFR-006","TL-REMOVABLE-ADJUSTABLE"
"COV-ACT-10","action","ACT-10","WORLD_HUD_FALLBACK","Toggle audio","TPL-WORLD-HUD;TPL-MEDIA-OPT-IN","SP-WORLD","VP-WORLD","MP-WORLD","Explicit muted or unmuted state","Media unavailable or blocked","Remain muted; text/visual equivalent; retry only after interaction","UXTEST-013;UXTEST-025;UXTEST-041","Audio asset rights copy and implementation","BP-NFR-006","TL-REMOVABLE-ADJUSTABLE"
"COV-ACT-11","action","ACT-11","FIRST_RETURN_VISIT","Toggle accessibility or reduced motion","TPL-FIRST-VISIT;TPL-WORLD-HUD","SP-FIRST-VISIT","VP-WORLD","MP-WORLD","Stable authored equivalent","Preference cannot persist","Apply session state and explain persistence failure without blocking","UXTEST-005;UXTEST-025;UXTEST-040","Preference persistence and final settings copy","BP-NFR-006","TL-REMOVABLE-ADJUSTABLE"
"COV-ACT-12","action","ACT-12","WORLD_HUD_FALLBACK","Exit World","TPL-WORLD-HUD;TPL-QUICK-ACCESS-RECOVERY","SP-WORLD","VP-WORLD","MP-WORLD","Current canonical semantic route opens","Missing mapping","Services Home or Quick Access with safe fallback status","UXTEST-003;UXTEST-007;UXTEST-038","Route-room mapping and active release","BP-NFR-006","TL-REMOVABLE-ADJUSTABLE"
"COV-ACT-13","action","ACT-13","ERROR_OFFLINE_RECOVERY","Open source or evidence","TPL-WORK-DETAIL;TPL-DEMO-DETAIL;TPL-INSIGHT-DETAIL;TPL-TRUST-DETAIL;TPL-SYSTEM-RECOVERY","SP-EVIDENCE-DETAIL","VP-PUBLIC","MP-PUBLIC","Accessible active canonical source","Held retired unavailable or checksum-mismatched source","Cannot-verify label; related approved source; human or Book","UXTEST-003;UXTEST-010;UXTEST-021;UXTEST-022;UXTEST-026","Source evidence rights approval and publication","BP-NFR-006","TL-NOT-APPLICABLE"
"COV-ACT-14","action","ACT-14","AI","Start AI","TPL-AI-CONCIERGE","SP-AI","VP-INTERACTIVE","MP-INTERACTIVE","Identified anonymous session and consent choice","Policy provider or session unavailable","Semantic content; available human; Contact; Book","UXTEST-009;UXTEST-010;UXTEST-011","AI capability provider policy and exact copy","BP-NFR-006","TL-WARN-EXTEND"
"COV-ACT-15","action","ACT-15","AI","Choose AI retention consent","TPL-AI-CONCIERGE","SP-AI","VP-INTERACTIVE","MP-INTERACTIVE","Ephemeral or approved consented state","Exact policy unavailable record write unknown or declined","Fail to ephemeral/no-retention; retry only when authoritative; browsing or Book","UXTEST-009;UXTEST-030","Consent/legal copy retention classes and persistence","BP-NFR-006","TL-WARN-EXTEND"
"COV-ACT-16","action","ACT-16","AI","Send AI message","TPL-AI-CONCIERGE","SP-AI","VP-INTERACTIVE","MP-INTERACTIVE","Sourced answer or explicit safe refusal","Typing/send timeout duplicate or grounding unavailable","Not-sent/unknown; status check; one safe retry; human or Book","UXTEST-010;UXTEST-011;UXTEST-022","Grounding/provider/refusal/error copy and retry policy","BP-NFR-006","TL-WARN-EXTEND"
"COV-ACT-17","action","ACT-17","AI","Resume AI","TPL-AI-CONCIERGE;TPL-QUICK-ACCESS-RECOVERY","SP-AI","VP-INTERACTIVE","MP-INTERACTIVE","Same valid session resumes once","Expired invalid checksum or policy mismatch","New ephemeral session; old content not resumed; human or Book","UXTEST-011;UXTEST-030","Session policy retention and exact copy","BP-NFR-006","TL-WARN-EXTEND"
"COV-ACT-18","action","ACT-18","HUMAN_HANDOFF_MEDIA","Request human","TPL-HUMAN-HANDOFF","SP-HANDOFF-MEDIA","VP-INTERACTIVE","MP-INTERACTIVE","One durable handoff request","No explicit availability duplicate console outage or alert failure","Preserve durable request; refresh; Contact or Book; alert retry staff-side","UXTEST-012;UXTEST-032;UXTEST-033","Staff availability owners consent routing and SLA","BP-NFR-006","TL-WARN-EXTEND"
"COV-ACT-19","action","ACT-19","HUMAN_HANDOFF_MEDIA","Opt into voice or video","TPL-MEDIA-OPT-IN;TPL-HUMAN-HANDOFF","SP-HANDOFF-MEDIA","VP-INTERACTIVE","MP-INTERACTIVE","Media begins only after explicit permission","Declined denied unsupported device or media failure","Text continues; permission guidance; Book; no automatic reactivation","UXTEST-013;UXTEST-041","Media provider rights alternatives and policy","BP-NFR-006","TL-WARN-EXTEND"
"COV-ACT-20","action","ACT-20","BOOKING_LINEAGE","Start booking","TPL-BOOKING-SHELL;TPL-BOOKING-QUALIFICATION;TPL-QUICK-ACCESS-RECOVERY","SP-BOOKING","VP-INTERACTIVE","MP-INTERACTIVE","One lineage and accessible non-WebGL qualification flow","Transactional script or booking entry unavailable","Semantic not-started/not-completed status; retry Book; verified Contact; safe route/wing context only","UXTEST-004;UXTEST-014;UXTEST-044;UXTEST-045","Booking architecture provider and verified Contact","BP-NFR-006","TL-WARN-EXTEND"
"COV-ACT-21","action","ACT-21","BOOKING_LINEAGE","Submit qualification","TPL-BOOKING-QUALIFICATION","SP-BOOKING","VP-INTERACTIVE","MP-INTERACTIVE","QUALIFICATION_COMPLETE","Missing/invalid field consent declined or offline","Linked summary and correction; browsing/ephemeral help; no retained lead","UXTEST-014;UXTEST-015;UXTEST-042;UXTEST-045","Exact consent copy field rules and persistence","BP-NFR-006","TL-WARN-EXTEND"
"COV-ACT-22","action","ACT-22","BOOKING_LINEAGE","Issue email challenge","TPL-BOOKING-VERIFICATION","SP-BOOKING","VP-INTERACTIVE","MP-INTERACTIVE","EMAIL_PENDING in same lineage","Not issued unknown provider Redis or rate-limit failure","Status check before retry; bounded later guidance; change address; no slots","UXTEST-016;UXTEST-043","Challenge provider expiry resend rate-limit masking and support","BP-NFR-006","TL-WARN-EXTEND"
"COV-ACT-23","action","ACT-23","BOOKING_LINEAGE","Resend challenge","TPL-BOOKING-VERIFICATION","SP-BOOKING","VP-INTERACTIVE","MP-INTERACTIVE","New current challenge in same lineage","Too soon limit unknown or delivery failure","Approved wait guidance; status check; corrected address; no second lineage","UXTEST-016;UXTEST-043","Challenge timing rate limits and exact guidance","BP-NFR-006","TL-WARN-EXTEND"
"COV-ACT-24","action","ACT-24","BOOKING_LINEAGE","Correct email","TPL-BOOKING-VERIFICATION","SP-BOOKING","VP-INTERACTIVE","MP-INTERACTIVE","Old challenge invalidated and new challenge pending","Invalid syntax or update conflict","Correct inline; refresh authoritative lineage; no verified carryover","UXTEST-016;UXTEST-042","Email handling masking and provider policy","BP-NFR-006","TL-WARN-EXTEND"
"COV-ACT-25","action","ACT-25","BOOKING_LINEAGE","Verify email","TPL-BOOKING-VERIFICATION","SP-BOOKING","VP-INTERACTIVE","MP-INTERACTIVE","VERIFIED","Invalid expired used wrong-lineage or undeliverable challenge","Safe resend/current challenge; corrected address; support; no slots","UXTEST-016;UXTEST-043","Verification method provider policy and support","BP-NFR-006","TL-WARN-EXTEND"
"COV-ACT-26","action","ACT-26","BOOKING_LINEAGE","Load availability","TPL-BOOKING-AVAILABILITY","SP-BOOKING","VP-INTERACTIVE","MP-INTERACTIVE","Eligible 30-minute slots in explicit visitor-local zone","Loading none stale owner provider or Graph unavailable","Retry/next period; honest no-slot; approved human/Contact; no promise","UXTEST-017;UXTEST-023","Owner/backup availability Graph/mailbox no-slot policy","BP-NFR-006","TL-WARN-EXTEND"
"COV-ACT-27","action","ACT-27","BOOKING_LINEAGE","Select slot","TPL-BOOKING-AVAILABILITY","SP-BOOKING","VP-INTERACTIVE","MP-INTERACTIVE","SLOT_SELECTED and review summary","Slot no longer available or timezone changes","Refresh; reselect; show same instant and zone clearly","UXTEST-017;UXTEST-042","Provider availability and review copy","BP-NFR-006","TL-WARN-EXTEND"
"COV-ACT-28","action","ACT-28","BOOKING_LINEAGE","Submit booking","TPL-BOOKING-RECONCILIATION","SP-BOOKING","VP-INTERACTIVE","MP-INTERACTIVE","One BOOKING_PENDING durable request","Offline before accept duplicate or ambiguous provider timeout","Explicit not-submitted or pending; same idempotency key; reconcile before retry","UXTEST-018;UXTEST-044","Provider/outbox contracts and exact pending copy","BP-NFR-006","TL-WARN-EXTEND"
"COV-ACT-29","action","ACT-29","BOOKING_LINEAGE","Refresh booking status","TPL-BOOKING-RECONCILIATION","SP-BOOKING","VP-INTERACTIVE","MP-INTERACTIVE","CONFIRMED_QUALIFIED or truthful pending/failed","Status service unavailable","Retain last authoritative state; retry later or approved support; never infer success","UXTEST-018;UXTEST-019","Provider reconciliation support and next-step copy","BP-NFR-006","TL-WARN-EXTEND"
"COV-ACT-30","action","ACT-30","BOOKING_LINEAGE","Reschedule","TPL-BOOKING-RECONCILIATION","SP-BOOKING","VP-INTERACTIVE","MP-INTERACTIVE","Same lineage with reconciled replacement occurrence","Expired auth no slots timeout race or conflict","Reauthenticate; keep old confirmed truth; refresh/reconcile; approved support","UXTEST-020;UXTEST-042;UXTEST-043","Authorization link lifetime cutoff provider and no-slot rules","BP-NFR-006","TL-WARN-EXTEND"
"COV-ACT-31","action","ACT-31","BOOKING_LINEAGE","Cancel","TPL-BOOKING-RECONCILIATION","SP-BOOKING","VP-INTERACTIVE","MP-INTERACTIVE","Reconciled CANCELLED","Expired auth provider timeout or conflict","Retain last confirmed state; refresh/reconcile; never claim cancelled early","UXTEST-020;UXTEST-042;UXTEST-043","Authorization link lifetime cutoff and provider cancellation rules","BP-NFR-006","TL-WARN-EXTEND"
"COV-ACT-32","action","ACT-32","CONTACT","Submit contact","TPL-PUBLIC-CONTACT","SP-CONTACT","VP-INTERACTIVE","MP-INTERACTIVE","One truthful accepted or pending contact record","Invalid offline duplicate or channel unavailable","Correct; same idempotency identity; verified alternate or Book; no SLA","UXTEST-015;UXTEST-021;UXTEST-022","Verified contact channel consent fields routing and response policy","BP-NFR-006","TL-NOT-APPLICABLE"
"COV-ACT-33","action","ACT-33","AUTH_SESSION_PERMISSION","Staff sign in","TPL-STAFF-AUTH","SP-AUTH","VP-STAFF","MP-STAFF","Authorized role session","Entra unavailable no/ambiguous group or local account dormant","Deny by default; approved support or break-glass process only; no credential hints","UXTEST-027;UXTEST-043","Tenant groups exact role mapping identity provider and break glass","BP-NFR-006","TL-WARN-EXTEND"
"COV-ACT-34","action","ACT-34","STAFF_PUBLICATION_OPERATIONS","Save draft","TPL-PUBLICATION-EDITOR","SP-PUBLICATION","VP-STAFF","MP-STAFF","Durable draft version saved","Validation network session or version conflict","Retain text only under approved policy; reauth; merge/version choice without overwrite","UXTEST-021;UXTEST-027;UXTEST-042;UXTEST-043","Autosave retention merge and field policies","BP-NFR-006","TL-WARN-EXTEND"
"COV-ACT-35","action","ACT-35","STAFF_PUBLICATION_OPERATIONS","Submit for review","TPL-PUBLICATION-EDITOR;TPL-PUBLICATION-REVIEW-RELEASE","SP-PUBLICATION","VP-STAFF","MP-STAFF","Immutable review candidate queued","Missing evidence rights owner metadata or stale version","Linked issue list; return to draft; resubmit new version","UXTEST-027;UXTEST-028;UXTEST-036","Required evidence/metadata/rights and review policy","BP-NFR-006","TL-WARN-EXTEND"
"COV-ACT-36","action","ACT-36","STAFF_PUBLICATION_OPERATIONS","Reviewer decision","TPL-PUBLICATION-REVIEW-RELEASE","SP-PUBLICATION","VP-STAFF","MP-STAFF","Independent pass or changes requested","Unauthorized self-review stale candidate or session failure","Deny; refresh current candidate; approved reassignment","UXTEST-027;UXTEST-036","Reviewer membership findings taxonomy and reassignment","BP-NFR-006","TL-WARN-EXTEND"
"COV-ACT-37","action","ACT-37","STAFF_PUBLICATION_OPERATIONS","Founder decision","TPL-PUBLICATION-REVIEW-RELEASE","SP-PUBLICATION","VP-STAFF","MP-STAFF","Approved rejected or changes requested on current candidate","Unauthorized stale or not specialist-passed","Deny; refresh; return to review queue; never infer approval","UXTEST-027;UXTEST-036","Founder identity exact decision semantics and legal signoff","BP-NFR-006","TL-WARN-EXTEND"
"COV-ACT-38","action","ACT-38","STAFF_PUBLICATION_OPERATIONS","Render and index candidate","TPL-PUBLICATION-REVIEW-RELEASE","SP-PUBLICATION","VP-STAFF","MP-STAFF","Valid immutable candidate checksum","Render index schema sitemap AI or 3D parity failure","Previous release active; correct through workflow; rerun full validation","UXTEST-028;UXTEST-029;UXTEST-036","Technical architecture release contracts and activation","BP-NFR-006","TL-WARN-EXTEND"
"COV-ACT-39","action","ACT-39","STAFF_PUBLICATION_OPERATIONS","Activate release","TPL-PUBLICATION-REVIEW-RELEASE","SP-PUBLICATION","VP-STAFF","MP-STAFF","One atomic active checksum","Partial timeout or mismatch","No activation or rollback to prior active; reconcile; never mix surfaces","UXTEST-028;UXTEST-029","Activation authority infrastructure and release contract","BP-NFR-006","TL-WARN-EXTEND"
"COV-ACT-40","action","ACT-40","FIRST_RETURN_VISIT","Clear preferences or session","TPL-RETURN-VISIT;TPL-STAFF-AUTH","SP-RETURN-VISIT","VP-INTERACTIVE","MP-INTERACTIVE","Non-sensitive preferences cleared or session ended","Storage unavailable","Clear as far as possible; explain local limitation; no account claim","UXTEST-006;UXTEST-021;UXTEST-043","Storage/session policy and exact copy","BP-NFR-006","TL-NOT-APPLICABLE"
"COV-ACT-41","action","ACT-41","STAFF_PUBLICATION_OPERATIONS","Declare staff available","TPL-STAFF-WORK-DETAIL","SP-STAFF-WORK","VP-STAFF","MP-STAFF","Durable approved-scope availability on","Pending role eligibility Redis or Teams issue fails unavailable; no scope empty","Status check and retry; no presence-derived availability","UXTEST-012;UXTEST-031","Staff scopes owners/delegates and availability policy","BP-NFR-006","TL-WARN-EXTEND"
"COV-ACT-42","action","ACT-42","STAFF_PUBLICATION_OPERATIONS","Withdraw staff availability","TPL-STAFF-WORK-DETAIL","SP-STAFF-WORK","VP-STAFF","MP-STAFF","Durable availability off","Pending error or already off","Fail safe to unavailable; idempotent status check/retry; queued work visible","UXTEST-031","Staff scopes owners/delegates and queue policy","BP-NFR-006","TL-WARN-EXTEND"
"COV-ACT-43","action","ACT-43","STAFF_PUBLICATION_OPERATIONS","Triage handoff queue","TPL-STAFF-QUEUE;TPL-STAFF-WORK-DETAIL","SP-STAFF-QUEUE","VP-STAFF","MP-STAFF","Current authorized request detail opened","Queue loading unavailable stale or truthful empty","Refresh authoritative request; reauthenticate; no chat data in analytics","UXTEST-032;UXTEST-037","Operator role queue fields filters and privacy","BP-NFR-006","TL-WARN-EXTEND"
"COV-ACT-44","action","ACT-44","STAFF_PUBLICATION_OPERATIONS","Accept text conversation","TPL-HUMAN-HANDOFF;TPL-STAFF-WORK-DETAIL","SP-STAFF-WORK","VP-STAFF","MP-STAFF","One authorized operator owns text_active","Pending stale already accepted or consent invalid","Reconcile current owner/status; no duplicate; visitor keeps Book","UXTEST-032","Operator/assignment/consent policy","BP-NFR-006","TL-WARN-EXTEND"
"COV-ACT-45","action","ACT-45","STAFF_PUBLICATION_OPERATIONS","Decline text conversation","TPL-HUMAN-HANDOFF;TPL-STAFF-WORK-DETAIL","SP-STAFF-WORK","VP-STAFF","MP-STAFF","Durable declined or reassignment-needed state","Pending stale unauthorized or already resolved","Refresh; approved reassignment/closure later; never delete request","UXTEST-032","Decline reason reassignment and closure policy","BP-NFR-006","TL-WARN-EXTEND"
"COV-ACT-46","action","ACT-46","STAFF_PUBLICATION_OPERATIONS","End text conversation","TPL-HUMAN-HANDOFF;TPL-STAFF-WORK-DETAIL","SP-STAFF-WORK","VP-STAFF","MP-STAFF","Durable ended state once","Ending pending session or retention conflict","Status check; preserve active/ended truth; Book/Contact remains","UXTEST-032","End reason retention and visitor copy","BP-NFR-006","TL-WARN-EXTEND"
"COV-ACT-47","action","ACT-47","STAFF_PUBLICATION_OPERATIONS","Retry failed alert","TPL-STAFF-QUEUE;TPL-STAFF-WORK-DETAIL","SP-STAFF-WORK","VP-STAFF","MP-STAFF","Alert delivered or exception closed without core-state change","Adapter unavailable retry pending or no exceptions","Retry/escalate later; handoff/booking truth preserved","UXTEST-033","Alert adapter retry escalation recipient and limits","BP-NFR-006","TL-WARN-EXTEND"
"COV-ACT-48","action","ACT-48","STAFF_PUBLICATION_OPERATIONS","Assign or reassign work","TPL-STAFF-QUEUE;TPL-STAFF-WORK-DETAIL","SP-STAFF-WORK","VP-STAFF","MP-STAFF","One current eligible assignment","Stale conflict no eligible assignee or unauthorized","Refresh or hold; approved escalation; no invented availability","UXTEST-034","Role assignment eligibility owner backup reason and escalation","BP-NFR-006","TL-WARN-EXTEND"
"COV-ACT-49","action","ACT-49","STAFF_PUBLICATION_OPERATIONS","Reconcile booking","TPL-STAFF-QUEUE;TPL-STAFF-WORK-DETAIL;TPL-BOOKING-RECONCILIATION","SP-STAFF-WORK","VP-STAFF","MP-STAFF","Local and external state agree truthfully","Ambiguous provider unavailable mismatch or no exceptions","Refresh compare or approved retry after ambiguity; preserve last truth","UXTEST-035","Provider contract roles and reconciliation operations","BP-NFR-006","TL-WARN-EXTEND"
"COV-ACT-50","action","ACT-50","STAFF_PUBLICATION_OPERATIONS","Handle booking exception","TPL-STAFF-QUEUE;TPL-STAFF-WORK-DETAIL","SP-STAFF-WORK","VP-STAFF","MP-STAFF","Invariant restored or exception held/escalated","Pending unauthorized or unsupported resolution","Approved bounded repair/escalation; never hide duplicate or unknown","UXTEST-035","Exception taxonomy repair authority and escalation","BP-NFR-006","TL-WARN-EXTEND"
"COV-ACT-51","action","ACT-51","STAFF_PUBLICATION_OPERATIONS","Record evidence or SEO review","TPL-STAFF-QUEUE;TPL-PUBLICATION-REVIEW-RELEASE","SP-PUBLICATION","VP-STAFF","MP-STAFF","Specialist pass or changes on exact candidate","Self-review stale unauthorized missing evidence or no candidate","Deny; refresh; return candidate; no activation","UXTEST-027;UXTEST-036","Review roles evidence checklist findings and reassignment","BP-NFR-006","TL-WARN-EXTEND"
"COV-ACT-52","action","ACT-52","STAFF_PUBLICATION_OPERATIONS","Record knowledge review","TPL-STAFF-QUEUE;TPL-PUBLICATION-REVIEW-RELEASE","SP-PUBLICATION","VP-STAFF","MP-STAFF","Grounding bundle passed or changes requested","Draft private defense stale missing source unauthorized or empty","Fail closed; return to release workflow; no publication/activation","UXTEST-028;UXTEST-036","Knowledge bundle provider/review policy and roles","BP-NFR-006","TL-WARN-EXTEND"
"COV-ACT-53","action","ACT-53","STAFF_PUBLICATION_OPERATIONS","Inspect audit","TPL-AUDIT-INSPECTION","SP-AUDIT","VP-STAFF","MP-STAFF","Authorized redacted event chain visible","Index loading unavailable integrity gap no results or unauthorized","Durable retrieval; refine retry escalate; inspection audited; no edit/delete","UXTEST-037","Audit schema redaction retention export and owner","BP-NFR-006","TL-WARN-EXTEND"
"COV-EXCL-WORLD","exclusion","EXCL-WORLD","WORLD_HUD_FALLBACK","Optional immersive shell is nonindexable and never required","TPL-WORLD-SHELL;TPL-WORLD-HUD;TPL-QUICK-ACCESS-RECOVERY","SP-WORLD","VP-WORLD","MP-WORLD","Noindex World uses same release and canonical links","Canvas WebGL or asset failure and any 3D-only action are invalid","Quick Access retaining safe route/service context","UXTEST-002;UXTEST-003;UXTEST-007","No route activation or 3D production","BP-NFR-006","TL-REMOVABLE-ADJUSTABLE"
"COV-EXCL-ADMIN","exclusion","EXCL-ADMIN","AUTH_SESSION_PERMISSION","Authenticated staff utility with server-enforced roles","TPL-STAFF-AUTH;TPL-STAFF-QUEUE;TPL-SYSTEM-RECOVERY","SP-AUTH","VP-STAFF","MP-STAFF","Authorized staff sees only permitted tasks","Signed-out forbidden expired missing/ambiguous role and private-state leakage","Sign in reauthenticate safe denied response or approved break glass","UXTEST-002;UXTEST-027;UXTEST-037","Exact roles routes auth and security controls","BP-NFR-006","TL-WARN-EXTEND"
"COV-EXCL-NONPUBLIC-PUBLICATION","exclusion","EXCL-NONPUBLIC-PUBLICATION","STAFF_PUBLICATION_OPERATIONS","Preview draft and rejected surfaces remain authorized and conspicuously nonpublic","TPL-PUBLICATION-EDITOR;TPL-PUBLICATION-REVIEW-RELEASE;TPL-SYSTEM-RECOVERY","SP-PUBLICATION","VP-STAFF","MP-STAFF","Authorized preview retains draft marker and current candidate version","Public access search AI or 3D exposure is a failure","Return to staff queue; non-disclosing public response; previous release remains active","UXTEST-002;UXTEST-028;UXTEST-029","Role/publication/release architecture","BP-NFR-006","TL-WARN-EXTEND"
"COV-EXCL-CHAT-SESSIONS","exclusion","EXCL-CHAT-SESSIONS","AI","Private ephemeral or consent-governed session state","TPL-AI-CONCIERGE;TPL-QUICK-ACCESS-RECOVERY","SP-AI","VP-INTERACTIVE","MP-INTERACTIVE","Valid session resumes under approved policy","Expired invalid unavailable or privacy mismatch does not expose content","New ephemeral AI available human Contact or Book","UXTEST-002;UXTEST-009;UXTEST-011","Retention consent session and provider policy","BP-NFR-006","TL-WARN-EXTEND"
"COV-EXCL-INTERNAL-SEARCH","exclusion","EXCL-INTERNAL-SEARCH","NAVIGATION_SEARCH","Nonindexable search utility with clean canonical result links","TPL-DIRECTORY-SEARCH;TPL-QUICK-ACCESS-RECOVERY","SP-NAVIGATION","VP-INTERACTIVE","MP-INTERACTIVE","Approved utility returns browse or clean results without URL-carried query","Unknown path no results index unavailable or stale checksum","Clear; static directory; clean canonical; unknown path 404","UXTEST-002;UXTEST-008;UXTEST-030","Search URL/query/provider policy","BP-NFR-006","TL-NOT-APPLICABLE"
"COV-EXCL-TRACKING-PARAMETERS","exclusion","EXCL-TRACKING-PARAMETERS","NAVIGATION_SEARCH","Recognized tracking parameters never create separate route state","TPL-GLOBAL-NAVIGATION;TPL-SYSTEM-RECOVERY","SP-PUBLIC-DOCUMENT","VP-PUBLIC","MP-PUBLIC","Same truthful clean document and clean first-party links","Unlisted parameter or missing/retired clean route cannot become 200","Strip allowlisted parameter only; require decision for unknown parameter","UXTEST-002;UXTEST-004","Parameter allowlist privacy and route behavior","BP-NFR-006","TL-NOT-APPLICABLE"
"COV-EXCL-FILTER-SORT-VARIANTS","exclusion","EXCL-FILTER-SORT-VARIANTS","NAVIGATION_SEARCH","No URL-backed filter or sort state is approved","TPL-DIRECTORY-SEARCH;TPL-SYSTEM-RECOVERY","SP-NAVIGATION","VP-INTERACTIVE","MP-INTERACTIVE","Local UI filter/sort state only when a host collection defines it","Unapproved variant is 404 and has no canonical","Return to clean collection or directory","UXTEST-002;UXTEST-008","Any future parameter allowlist and state","BP-NFR-006","TL-NOT-APPLICABLE"
"COV-EXCL-STAGING","exclusion","EXCL-STAGING","STAFF_PUBLICATION_OPERATIONS","Restricted candidate evidence with no public discovery","TPL-PUBLICATION-REVIEW-RELEASE;TPL-STAFF-AUTH;TPL-SYSTEM-RECOVERY","SP-PUBLICATION","VP-STAFF","MP-STAFF","Authorized candidate review remains clearly nonpublic","Unauthorized or public discovery is denied without leaking candidate detail","Authenticate or return to production canonical only after approval","UXTEST-002;UXTEST-028;UXTEST-029","Environment access release activation and external deployment","BP-NFR-006","TL-WARN-EXTEND"
"COV-EXCL-DEFENSE","exclusion","EXCL-DEFENSE","ERROR_OFFLINE_RECOVERY","Defense routes/content are absent rather than disabled or teased","TPL-SYSTEM-RECOVERY;TPL-AI-CONCIERGE","SP-SYSTEM-RECOVERY","VP-PUBLIC","MP-PUBLIC","No public render sitemap search AI knowledge or ordinary visitor flow","Any detail disclosure route teaser result or answer is failure","General services Contact or Book; secure route only after MA-011","UXTEST-002;UXTEST-010;UXTEST-028","MA-011 exact founder legal and security approval","BP-NFR-006","TL-WARN-EXTEND"
"COV-WAY-WING-AI-DATA","wayfinding","WING-AI-DATA","WORLD_HUD_FALLBACK","AI + Data maps to AI Data & Automation wing and ROUTE-WING-AI-DATA","TPL-SERVICE-WING;TPL-WORLD-SHELL;TPL-WORLD-HUD","SP-WORLD","VP-WORLD","MP-WORLD","Exact sign formal/accessibility title route path room ID ordinal and four release states","Closed held opening and open remain visually and semantically distinct","Canonical Quick Access remains when active; nonpublic opening never implies launch","UXTEST-003;UXTEST-038","Wing content release and active route","BP-NFR-006","TL-REMOVABLE-ADJUSTABLE"
"COV-WAY-ROOM-AI-AUTOMATION","wayfinding","ROOM-AI-AUTOMATION","WORLD_HUD_FALLBACK","AI + Automation maps to AI Systems & Agentic Automation","TPL-SERVICE-DETAIL;TPL-WORLD-SHELL;TPL-WORLD-HUD","SP-WORLD","VP-WORLD","MP-WORLD","Exact sign/title/route/room/ordinal and closed held opening open variants","Any abbreviation-only accessible name or premature open claim fails","Canonical Quick Access and full formal title remain","UXTEST-003;UXTEST-038","Service content evidence AI/security review and room activation","BP-NFR-006","TL-REMOVABLE-ADJUSTABLE"
"COV-WAY-ROOM-DATA-ANALYTICS","wayfinding","ROOM-DATA-ANALYTICS","WORLD_HUD_FALLBACK","Data + Analytics maps to Data Platforms & Analytics","TPL-SERVICE-DETAIL;TPL-WORLD-SHELL;TPL-WORLD-HUD","SP-WORLD","VP-WORLD","MP-WORLD","Exact sign/title/route/room/ordinal and closed held opening open variants","Any abbreviation-only accessible name or premature open claim fails","Canonical Quick Access and full formal title remain","UXTEST-003;UXTEST-038","Service content evidence owner and room activation","BP-NFR-006","TL-REMOVABLE-ADJUSTABLE"
"COV-WAY-WING-STRATEGY","wayfinding","WING-STRATEGY","WORLD_HUD_FALLBACK","Strategy maps to Strategy & Transformation wing and ordinal 2","TPL-SERVICE-WING;TPL-WORLD-SHELL;TPL-WORLD-HUD","SP-WORLD","VP-WORLD","MP-WORLD","Exact sign/title/route/room/ordinal/prerequisite and four release states","Open before ordinal 1 or abbreviation-only accessible name fails","Canonical Quick Access remains; hold until earlier ordinal and active release","UXTEST-003;UXTEST-038","Earlier wing/content/release prerequisite","BP-NFR-006","TL-REMOVABLE-ADJUSTABLE"
"COV-WAY-ROOM-STRATEGY-ARCHITECTURE","wayfinding","ROOM-STRATEGY-ARCHITECTURE","WORLD_HUD_FALLBACK","Strategy + Architecture maps to Strategy & Architecture","TPL-SERVICE-DETAIL;TPL-WORLD-SHELL;TPL-WORLD-HUD","SP-WORLD","VP-WORLD","MP-WORLD","Exact sign/title/route/room/ordinal and four release states","Premature open or missing formal title/canonical link fails","Canonical Quick Access and full formal title remain","UXTEST-003;UXTEST-038","Service content evidence owner and room activation","BP-NFR-006","TL-REMOVABLE-ADJUSTABLE"
"COV-WAY-WING-IMMERSIVE-CREATIVE","wayfinding","WING-IMMERSIVE-CREATIVE","WORLD_HUD_FALLBACK","Immersive + Creative maps to Immersive & Creative wing and ordinal 3","TPL-SERVICE-WING;TPL-WORLD-SHELL;TPL-WORLD-HUD","SP-WORLD","VP-WORLD","MP-WORLD","Exact sign/title/route/room/ordinal/prerequisite and four release states","Open before ordinals 1-2 or abbreviation-only accessible name fails","Canonical Quick Access remains; hold until prerequisites and active release","UXTEST-003;UXTEST-038","Earlier wings/content/release prerequisite","BP-NFR-006","TL-REMOVABLE-ADJUSTABLE"
"COV-WAY-ROOM-SPATIAL-IMMERSIVE","wayfinding","ROOM-SPATIAL-IMMERSIVE","WORLD_HUD_FALLBACK","Spatial + Immersive maps to Spatial Computing & Immersive Platforms","TPL-SERVICE-DETAIL;TPL-WORLD-SHELL;TPL-WORLD-HUD","SP-WORLD","VP-WORLD","MP-WORLD","Exact sign/title/route/room/ordinal and four release states","Premature open or missing formal title/non-WebGL route fails","Canonical Quick Access and full formal title remain","UXTEST-003;UXTEST-038","Service content performance accessibility evidence and room activation","BP-NFR-006","TL-REMOVABLE-ADJUSTABLE"
"COV-WAY-ROOM-CREATIVE-VISUAL","wayfinding","ROOM-CREATIVE-VISUAL","WORLD_HUD_FALLBACK","Creative + Visual maps to Creative & Visual Design Services","TPL-SERVICE-DETAIL;TPL-WORLD-SHELL;TPL-WORLD-HUD","SP-WORLD","VP-WORLD","MP-WORLD","Exact sign/title/route/room/ordinal and four release states","Premature open or missing formal title/canonical link fails","Canonical Quick Access and full formal title remain","UXTEST-003;UXTEST-038","New content licensed proof owner and room activation","BP-NFR-006","TL-REMOVABLE-ADJUSTABLE"
"COV-WAY-WING-DIGITAL-GROWTH","wayfinding","WING-DIGITAL-GROWTH","WORLD_HUD_FALLBACK","Digital + Growth maps to Digital Products & Growth wing and ordinal 4","TPL-SERVICE-WING;TPL-WORLD-SHELL;TPL-WORLD-HUD","SP-WORLD","VP-WORLD","MP-WORLD","Exact sign/title/route/room/ordinal/prerequisite and four release states","Open before ordinals 1-3 or abbreviation-only accessible name fails","Canonical Quick Access remains; hold until prerequisites and active release","UXTEST-003;UXTEST-038","Earlier wings/content/release prerequisite","BP-NFR-006","TL-REMOVABLE-ADJUSTABLE"
"COV-WAY-ROOM-PLATFORM-PRODUCT","wayfinding","ROOM-PLATFORM-PRODUCT","WORLD_HUD_FALLBACK","Platforms + Products maps to Platform & Product Engineering","TPL-SERVICE-DETAIL;TPL-WORLD-SHELL;TPL-WORLD-HUD","SP-WORLD","VP-WORLD","MP-WORLD","Exact sign/title/route/room/ordinal and four release states","Premature open or missing formal title/canonical link fails","Canonical Quick Access and full formal title remain","UXTEST-003;UXTEST-038","Service content evidence owner and room activation","BP-NFR-006","TL-REMOVABLE-ADJUSTABLE"
"COV-WAY-ROOM-PRODUCT-EXPERIENCE","wayfinding","ROOM-PRODUCT-EXPERIENCE","WORLD_HUD_FALLBACK","Product Experience maps to Product Design & Experience Engineering","TPL-SERVICE-DETAIL;TPL-WORLD-SHELL;TPL-WORLD-HUD","SP-WORLD","VP-WORLD","MP-WORLD","Exact sign/title/route/room/ordinal and four release states","Premature open truncation or abbreviation-only accessible name fails","Canonical Quick Access and full formal title remain","UXTEST-003;UXTEST-038","Service content evidence owner and room activation","BP-NFR-006","TL-REMOVABLE-ADJUSTABLE"
"COV-WAY-ROOM-COMMERCE-GROWTH","wayfinding","ROOM-COMMERCE-GROWTH","WORLD_HUD_FALLBACK","Commerce + Growth maps to Commerce Content & Growth Platforms","TPL-SERVICE-DETAIL;TPL-WORLD-SHELL;TPL-WORLD-HUD","SP-WORLD","VP-WORLD","MP-WORLD","Exact sign/title/route/room/ordinal and four release states","Premature open or missing formal title/canonical link fails","Canonical Quick Access and full formal title remain","UXTEST-003;UXTEST-038","Service content evidence owner and room activation","BP-NFR-006","TL-REMOVABLE-ADJUSTABLE"
"COV-WAY-WING-CLOUD-TRUST","wayfinding","WING-CLOUD-TRUST","WORLD_HUD_FALLBACK","Cloud + Trust maps to Cloud Reliability & Trust wing and ordinal 5","TPL-SERVICE-WING;TPL-WORLD-SHELL;TPL-WORLD-HUD","SP-WORLD","VP-WORLD","MP-WORLD","Exact sign/title/route/room/ordinal/prerequisite and four release states","Open before ordinals 1-4 or abbreviation-only accessible name fails","Canonical Quick Access remains; hold until prerequisites and active release","UXTEST-003;UXTEST-038","Earlier wings/content/release prerequisite","BP-NFR-006","TL-REMOVABLE-ADJUSTABLE"
"COV-WAY-ROOM-CLOUD-RELIABILITY","wayfinding","ROOM-CLOUD-RELIABILITY","WORLD_HUD_FALLBACK","Cloud + Reliability maps to Cloud DevOps & Platform Reliability","TPL-SERVICE-DETAIL;TPL-WORLD-SHELL;TPL-WORLD-HUD","SP-WORLD","VP-WORLD","MP-WORLD","Exact sign/title/route/room/ordinal and four release states","Premature open or missing formal title/canonical link fails","Canonical Quick Access and full formal title remain","UXTEST-003;UXTEST-038","Service content evidence owner and room activation","BP-NFR-006","TL-REMOVABLE-ADJUSTABLE"
"COV-WAY-ROOM-SECURITY-TRUST","wayfinding","ROOM-SECURITY-TRUST","WORLD_HUD_FALLBACK","Security + Trust maps to Security Privacy & Trust Engineering","TPL-SERVICE-DETAIL;TPL-WORLD-SHELL;TPL-WORLD-HUD","SP-WORLD","VP-WORLD","MP-WORLD","Exact sign/title/route/room/ordinal and four release states","Premature open assurance inflation or missing formal title fails","Canonical Quick Access and full formal title remain","UXTEST-003;UXTEST-038","Security review evidence owner and room activation","BP-NFR-006","TL-REMOVABLE-ADJUSTABLE"
