"batch_id","ma_025_disposition","execution_order","batch_name","hard_prerequisite_batch_ids","external_gate_dependency","entry_condition","exit_condition","time_limit_branch_ids","stream_disposition","browser_profile_id","source_row_authority"
"B01","future_not_authorized","1","Semantic shell and recovery foundation","","none","MA-025 accepted and section 3.5 capability evidence recorded and section 7 cost boundary confirmed","Validator PASS zero fail plus both independent reviews zero critical high medium plus _PRE and _EXIT checkpoints plus founder pilot acceptance","TL-WARN-EXTEND","S-HIGH=in_scope;S-LOW=in_scope;S-MEDIUM=in_scope;S-SEMANTIC=in_scope","BP-NFR-006","docs/phase-1-ui-reference-design/design-batch-plan.csv"
"B02","authorized_released_by_pilot","2","Core public decision routes","B01","none","B01 exit passed and founder B01 pilot acceptance recorded","Validator PASS zero fail plus both independent reviews zero critical high medium plus _PRE and _EXIT checkpoints","TL-NOT-APPLICABLE","S-HIGH=in_scope;S-LOW=in_scope;S-MEDIUM=in_scope;S-SEMANTIC=in_scope","BP-NFR-006","docs/phase-1-ui-reference-design/design-batch-plan.csv"
"B03","authorized_released_by_pilot","3","Services industries and wayfinding","B01;B02","none","B02 exit passed","Validator PASS zero fail plus both independent reviews zero critical high medium plus _PRE and _EXIT checkpoints","TL-NOT-APPLICABLE","S-HIGH=in_scope;S-LOW=in_scope;S-MEDIUM=in_scope;S-SEMANTIC=in_scope","BP-NFR-006","docs/phase-1-ui-reference-design/design-batch-plan.csv"
"B04","authorized_released_by_pilot","4","Evidence and publication-facing public routes","B01","none","B01 exit passed","Validator PASS zero fail plus both independent reviews zero critical high medium plus _PRE and _EXIT checkpoints","TL-NOT-APPLICABLE","S-HIGH=in_scope;S-LOW=in_scope;S-MEDIUM=in_scope;S-SEMANTIC=in_scope","BP-NFR-006","docs/phase-1-ui-reference-design/design-batch-plan.csv"
"B05","authorized_released_by_pilot","5","Concierge handoff media and contact","B01","none","B01 exit passed","Validator PASS zero fail plus both independent reviews zero critical high medium plus _PRE and _EXIT checkpoints","TL-WARN-EXTEND","S-HIGH=in_scope;S-LOW=in_scope;S-MEDIUM=in_scope;S-SEMANTIC=in_scope","BP-NFR-006","docs/phase-1-ui-reference-design/design-batch-plan.csv"
"B06","authorized_released_by_pilot","6","Qualified booking lineage","B01","none","B01 exit passed with no dependency on B05 and any B05 consistency review is non-blocking","Validator PASS zero fail plus both independent reviews zero critical high medium plus _PRE and _EXIT checkpoints","TL-WARN-EXTEND","S-HIGH=in_scope;S-LOW=in_scope;S-MEDIUM=in_scope;S-SEMANTIC=in_scope","BP-NFR-006","docs/phase-1-ui-reference-design/design-batch-plan.csv"
"B08","authorized_released_by_pilot","7","Staff auth operations publication and audit","B01","none","B01 exit passed","Validator PASS zero fail plus both independent reviews zero critical high medium plus _PRE and _EXIT checkpoints","TL-WARN-EXTEND","S-HIGH=not_present;S-LOW=not_present;S-MEDIUM=not_present;S-SEMANTIC=not_present","BP-NFR-006","docs/phase-1-ui-reference-design/design-batch-plan.csv"
"B07","deferred_not_authorizable","","Core delivery-stream World HUD and semantic peer parity","B01;B03","MA-004 blocked and three_d_storyboard_and_asset_specification not_started","Not authorizable under MA-025","Deferred to MA-026","TL-REMOVABLE-ADJUSTABLE","S-HIGH=in_scope;S-LOW=in_scope;S-MEDIUM=in_scope;S-SEMANTIC=in_scope","BP-NFR-006","docs/phase-1-ui-reference-design/design-batch-plan.csv"
"B09","deferred_not_authorizable","","Cross-surface mode proof and evidence freeze","B01;B02;B03;B04;B05;B06;B07;B08","Hard prerequisite B07 is not authorizable","Not authorizable under MA-025","Deferred to MA-026 together with docs/ui/UI_SPEC.md and the final visual-direction decision","TL-REMOVABLE-ADJUSTABLE;TL-WARN-EXTEND","S-HIGH=in_scope;S-LOW=in_scope;S-MEDIUM=in_scope;S-SEMANTIC=in_scope","BP-NFR-006","docs/phase-1-ui-reference-design/design-batch-plan.csv"
