"rule_id","category","requirement","applies_to","verification_method"
"EC-01","evidence_type","Produce FRAME evidence for every primary template in the batch","B01;B02;B03;B04;B05;B06;B08","Validator counts manifest rows by evidence_type against design-batch-plan.csv"
"EC-02","evidence_type","Produce FOCUSED_FRAME evidence where a profile requires region-level rather than full-frame proof","B01;B02;B03;B04;B05;B06;B08","Validator checks profile minimum_evidence in responsive-state-mode-matrix.csv"
"EC-03","evidence_type","Produce VARIANT evidence for every contracted state and option variant","B01;B02;B03;B04;B05;B06;B08","Validator checks state coverage per profile"
"EC-04","evidence_type","Produce ANNOTATION evidence for interaction focus order semantics and accessibility notes","B01;B02;B03;B04;B05;B06;B08","Validator requires an annotation row per template"
"EC-05","evidence_type","Produce PROTOTYPE evidence for focus return disclosure modal and transition behaviour","B01;B05;B06;B08","Validator requires a prototype row where the template declares interaction"
"EC-06","evidence_type","Produce ROUTE_INSTANCE_SHEET evidence for every route instance assigned to the batch","B02;B03;B04;B05;B06;B08","Validator reconciles against foundation-route-coverage.csv"
"EC-07","evidence_type","Do not produce TEST_CAPTURE evidence under MA-025","all_batches","Validator fails if evidence_type TEST_CAPTURE appears in any manifest"
"EC-08","naming","Every public evidence_id conforms to HSD_UIR_<BATCH>_<TEMPLATE>_<INSTANCE>_<STATE>_<VIEWPORT>_<MODE>_<STREAM>_V<NN>, where <STREAM> is STREAM_HIGH, STREAM_MEDIUM, STREAM_LOW or STREAM_SEMANTIC. <STREAM> is mandatory on every evidence ID; there is no omissible form and no aggregate form. A public frame shows one stream. Excluded staff templates instead require SCOPE_EXCLUDED at that position and stream_id=STREAM-SCOPE-EXCLUDED; this is a nonpublic scope marker, never a fifth stream","all_batches","Validator parses the grammar and resolves every segment including <STREAM> (A-12)"
"EC-09","naming","Revisions increment V<NN> only within the lineage tuple (BATCH, TEMPLATE, INSTANCE, STATE, VIEWPORT, MODE, STREAM), without renaming stable template or instance source IDs","all_batches","Validator compares the seven-part lineage tuple across revisions"
"EC-10","viewport","Cover VP-320 VP-NARROW VP-LANDSCAPE VP-TABLET VP-DESKTOP VP-WIDE and VP-ZOOM-400 where the profile requires it","all_batches","Validator checks viewport_id against the profile required_values"
"EC-11","mode","Cover every accessibility degraded and input mode required by the assigned profile","all_batches","Validator checks mode_id against the profile required_values"
"EC-12","time_limit","Annotate the batch declared WCAG 2.2 SC 2.2.1 branch visibly in evidence","B01;B05;B06;B08","Validator checks time_limit_branch matches design-batch-plan.csv"
"EC-13","time_limit","TL-WARN-EXTEND evidence must show a warning at least 20 seconds before expiry and an extension of at least 10 times the default","B01;B05;B06;B08","Independent accessibility review plus validator annotation presence check"
"EC-14","time_limit","TL-REMOVABLE-ADJUSTABLE evidence must show the off or adjust-before-start control","deferred_B07;deferred_B09","Not exercised under MA-025"
"EC-15","time_limit","No record may select TL-EXCEPTION","all_batches","Validator fails on any TL-EXCEPTION value"
"EC-16","primitive","Every component used maps to a PRIM-* identifier from component-primitives.csv","all_batches","Validator resolves every manifest prim_ids value against the accepted primitive set"
"EC-17","content","Every frame copy is a reference fixture visibly marked REFERENCE FIXTURE — NOT PUBLIC COPY","all_batches","Validator requires the marker in the annotation export and the independent design review confirms visibility"
"EC-18","content","No gated fact may be invented to fill a frame","all_batches","Stop condition SC-01 plus independent design review"
"EC-19","asset","Only D-035 brand-identity assets and semantic tokens are used","all_batches","Validator resolves asset references against docs/phase-1-brand-identity/asset-manifest.json"
"EC-20","export","PNG exports at fixed 2x scale and SVG at 1x with fixed background and no ad-hoc cropping","all_batches","Validator checks export_scale uniformity per evidence_type"
"EC-21","export","Every exported file is hashed uppercase SHA-256 and recorded in the batch manifest","all_batches","Validator recomputes each file hash and compares"
"EC-22","export","The batch manifest is hashed with the D-037 freeze algorithm ordinal-sorted forward-slash paths uppercase hash two spaces path LF joined no terminal newline UTF-8 without BOM","all_batches","Validator recomputes the manifest freeze hash"
"EC-23","export","Exports are regenerated never hand-edited","all_batches","Hash mismatch against a fresh export voids the artifact"
"EC-24","export","Editor chrome screenshots are not evidence","all_batches","Independent design review rejects chrome screenshots"
"EC-25","inventory","Record the file key and the page and frame inventory without credentials","all_batches","Validator credential scan plus presence of inventory JSON"
"EC-26","credential","No credential-shaped string appears in any export filename manifest field inventory JSON or annotation","all_batches","Validator credential-pattern scan over the evidence tree"
"EC-27","claim","No export may be captioned or described as a rendered product a live page a test result an accessibility audit a conformance statement or approved public content","all_batches","Validator unsupported-claim scan plus both independent reviews"
"EC-28","checkpoint","Create a named _PRE version and export its archive before the first write of a batch","all_batches","Validator requires the _PRE archive and its hash in the manifest"
"EC-29","checkpoint","Create a named _EXIT version and export its archive at batch exit","all_batches","Validator requires the _EXIT archive and its hash in the manifest"
"EC-30","immutability","Accepted batch evidence is never overwritten in place. Append-only identity is the FULL evidence_id including <STREAM>, so one template captured in S-HIGH and in S-SEMANTIC is two artifacts rather than an illegal overwrite","all_batches","Evidence directories are append-only; corrections create a new V<NN> within the same lineage tuple"
"EC-31","coverage","Every (template, stream-critical coordinate, stream) triple obliged by the batch has a resolving manifest row, or a stream_disposition entry naming the batch that produces it. Producing a batch in one stream does not discharge it","all_batches","Validator resolves obliged triples against manifest rows by stream_id (A-14)"
"EC-32","naming","Exactly one stream per manifest row. stream_id is mandatory, single-valued, and drawn from S-HIGH, S-MEDIUM, S-LOW, S-SEMANTIC. Empty is illegal and multi-valued is illegal, and stream_id must agree with the <STREAM> segment of the row evidence_id","all_batches","Validator checks presence, cardinality, vocabulary and agreement (A-12, A-15)"
"EC-33","deferral","A stream a batch does not produce is recorded in stream_disposition as deferred_<BATCH_ID> naming the batch that does produce it, or as not_present validated against the computed union of template presence. Silence is inexpressible, mirroring EC-14","all_batches","Validator resolves every disposition key and value (A-13)"
