"decision_id","decision_summary","requirement_ids","claim_ledger_ids","brand_artifacts","strategy_effect","open_gate"
"D-001","Preserve existing repository and GLB as prototype evidence","OPS-002;UX-009","ECL-022","README.md;06-reference-accessibility-and-implementation.md","Prototype and exterior GLB are non-authoritative and reference-only; strategy creates no identity asset or implementation.","MA-004 controls any geometry reuse; later identity and 3D approval remain"
"D-002","Complete definition before application development","OPS-003","","README.md;03-BRAND_STRATEGY.md","Strategy is definition-only and cannot authorize identity or application work.","Complete Phase 1 and founder acceptance before implementation"
"D-003","Codex-native phased delivery and independent review","OPS-001","","README.md;producer-inspection.md","Producer validation and inspection are recorded separately from independent review and founder approval.","Chosen reconciled strategy must pass clean independent review before founder approval or identity unlock"
"D-004","Newest mutually compatible stable technology","OPS-004;OPS-005;OPS-006;OPS-007;OPS-009","","06-reference-accessibility-and-implementation.md","Strategy selects no technology version and requires downstream implementability and evidence.","Compatibility exact locks remain in their bounded Phase 1 slice"
"D-005","Audience sectors custom discovery and qualified booking","BR-001;BR-002;BR-003;BR-004;BR-009;FR-004;FR-005;FR-019","ECL-002;ECL-003;ECL-025;ECL-027","01-audience-and-buying-context.md;03-BRAND_STRATEGY.md;04-messaging-architecture.md","Audience target agriculture-first mining-second defense-quarantined custom discovery and verified 30-minute booking shape the strategy.","Founder approves final public positioning; booking operations and claims remain gated"
"D-006","Premium identity and no unsupported superiority","BR-006;BR-007;SEO-009","ECL-001;ECL-002;ECL-006","02-strategic-directions.md;03-BRAND_STRATEGY.md;05-naming-claims-and-terminology.md","Keeps Hengshi Design; recommends Evidence in Motion; retains architectural mineral-neutral as a later identity boundary and prohibits superiority.","After clean review founder may approve elaborated A; B or C preference requires reconciliation revalidation and new review before approval or identity"
"D-007","Verified Work separate from owned Demos with evidence review","BR-007;BR-008;PUB-006;PUB-007;SEO-011","ECL-007;ECL-008;ECL-009;ECL-010;ECL-011;ECL-012;ECL-013;ECL-018;ECL-019;ECL-032;ECL-033","03-BRAND_STRATEGY.md;04-messaging-architecture.md;05-naming-claims-and-terminology.md","Proof architecture and message labels keep verified Work Demos Insights Experts and Trust distinct and fail-closed.","MA-003 and per-item D-019 approval"
"D-008","Semantic HTML and equivalent Quick Access","FR-001;FR-002;SEO-001;SEO-007;UX-002","ECL-001","02-strategic-directions.md;03-BRAND_STRATEGY.md;04-messaging-architecture.md;06-reference-accessibility-and-implementation.md","Semantic clarity is primary and optional immersion adds demonstration without controlling discovery or booking.","Later UX accessibility and implementation evidence"
"D-009","Stable canonical content routes and English launch","BR-010;FR-017;FR-018;SEO-004;SEO-010;SEO-012","ECL-023;ECL-024;ECL-028;ECL-032;ECL-033","04-messaging-architecture.md;05-naming-claims-and-terminology.md","Message architecture covers all approved route families in plain global English with ethical content rules.","Per-route evidence owner and founder publication approval"
"D-010","Five wings ten formal services and shared spaces","BR-005;FR-001;FR-017;UX-008","ECL-004;ECL-014;ECL-015;ECL-029","04-messaging-architecture.md;05-naming-claims-and-terminology.md","Exact wing service and collection names and ordering control semantic accessible and contractual use.","Any shorthand or rename requires UX identity and founder approval"
"D-011","Foundation and wing opening sequence","BR-011;BR-012;FR-003;AI-009;NFR-008","ECL-030","04-messaging-architecture.md;05-naming-claims-and-terminology.md","Reception AI and closed future spaces receive transparent state language; strategy does not imply operational availability.","Later AI UX motion and release gates"
"D-012","Directed point-and-click and accessible recovery","UX-001;UX-002;UX-003;UX-004;UX-005;UX-006;UX-007;UX-008","ECL-026","02-strategic-directions.md;06-reference-accessibility-and-implementation.md","Accessibility recovery and optional immersion are premium brand behaviors; no game-like or reduced-content path.","Independent accessibility UX motion and 3D review"
"D-013","Protect old GLB and require proven new master","UX-009;UX-010;PUB-006","ECL-022","README.md;06-reference-accessibility-and-implementation.md","Protected asset is reference-only and cannot determine the identity or production experience.","MA-004 and later asset provenance approval"
"D-014","Azure-managed target PostgreSQL truth and immutable delivery","DATA-001;DATA-002;OPS-010;OPS-012","","03-BRAND_STRATEGY.md;06-reference-accessibility-and-implementation.md","Brand avoids provider-led public positioning and treats operational targets as future evidence not assurance.","Architecture deployment and evidence gates"
"D-015","Approved-knowledge Azure and NVIDIA AI routing","AI-001;AI-002;AI-003;AI-004;AI-005;AI-006;AI-007;AI-008","ECL-030","03-BRAND_STRATEGY.md;04-messaging-architecture.md;05-naming-claims-and-terminology.md","Voice calibrates uncertainty; AI names itself cites sources refuses unsupported commitments and is not claimed operational.","MA-005 MA-007 security privacy capability and release approval"
"D-016","Anonymous AI explicit human availability and booking","FR-005;FR-006;FR-007;FR-008;FR-009;FR-010;FR-011;FR-019","ECL-028;ECL-029;ECL-030","04-messaging-architecture.md;05-naming-claims-and-terminology.md","Direct booking optional help honest availability and nonbinding AI/human language shape contact and book messages.","MA-006 assigns verified contacts owners mailbox and availability policy"
"D-017","Consent retention deletion no training and aggregate analytics","DATA-003;DATA-004;DATA-005;DATA-006;DATA-007;DATA-008;DATA-009;SEC-009","ECL-016;ECL-025;ECL-028;ECL-030;ECL-031","04-messaging-architecture.md;05-naming-claims-and-terminology.md","Privacy consent and trust language stays precise; no assurance or defense claim; essential paths collect no unnecessary data.","MA-002 MA-011 and independent legal privacy security review"
"D-018","Entra roles break-glass secure sessions and security controls","SEC-001;SEC-002;SEC-003;SEC-004;SEC-005;SEC-006;SEC-007;SEC-008;SEC-009;SEC-010","ECL-031","03-BRAND_STRATEGY.md;04-messaging-architecture.md;05-naming-claims-and-terminology.md","Security requirements cannot become certification compliance or current assurance copy without evidence.","Independent security evidence and founder publication approval"
"D-019","Atomic publication and draft isolation","PUB-001;PUB-002;PUB-003;PUB-004;PUB-005;PUB-006;PUB-007","ECL-007;ECL-008;ECL-009;ECL-010;ECL-011;ECL-012;ECL-013;ECL-018;ECL-019;ECL-023;ECL-032;ECL-033","03-BRAND_STRATEGY.md;04-messaging-architecture.md;05-naming-claims-and-terminology.md","One evidence status and message meaning must stay aligned across semantic immersive AI metadata schema and social surfaces.","Per-release specialist review and founder approval"
"D-020","Performance availability recovery and qualified outcomes","NFR-001;NFR-002;NFR-003;NFR-004;NFR-005;NFR-006;NFR-007;DATA-008","ECL-021;ECL-031","03-BRAND_STRATEGY.md;05-naming-claims-and-terminology.md;06-reference-accessibility-and-implementation.md","Targets are not current performance or assurance claims; recovery and path parity express the brand only after testing.","Later QA deployment accessibility and founder risk review"
"D-021","Dependency governance SBOM licenses and canaries","OPS-006;OPS-007;OPS-012;OPS-013","","06-reference-accessibility-and-implementation.md","Strategy adds no dependency claim; media and experience provenance remain evidence requirements.","Compatibility supply-chain and deployment review"
"D-022","Paid external actions and credentials separately gated","SEC-008;OPS-014","ECL-005;ECL-013;ECL-016;ECL-022;ECL-025","README.md;05-naming-claims-and-terminology.md","No external write publication paid activation credential legal fact or asset reuse is authorized.","Each manual action and spending gate remains"
"D-023","Phases zero through nine execute in order","BR-012;OPS-009;OPS-015","","README.md;producer-inspection.md","Brand strategy is a bounded Phase 1 slice and does not open identity implementation or later phases.","Clean independent review and explicit founder approval of the chosen reconciled strategy precede identity; complete Phase 1 gate remains"
"D-024","Phase 0 accepted and Phase 1 definition opened","OPS-003;OPS-015","","README.md;producer-inspection.md","Only bounded strategy documentation validation and inspection are performed.","No application publication Git or deployment authority"
"D-025","Foundation accepted and industries hub retained","BR-001;BR-002;BR-003;BR-004;BR-005;BR-006;BR-007;BR-008;BR-009;BR-010;BR-011;BR-012;SEO-004","ECL-001;ECL-002;ECL-003;ECL-004;ECL-006;ECL-025;ECL-027;ECL-032;ECL-033","README.md;01-audience-and-buying-context.md;02-strategic-directions.md;03-BRAND_STRATEGY.md;04-messaging-architecture.md;05-naming-claims-and-terminology.md","Accepted audience route proof conversion and industries decisions are controlling inputs; /industries is no longer treated as founder-pending in strategy.","Brand direction remains separate: A approval follows clean review; B or C preference requires reconciliation revalidation and new review; complete Phase 1 remains gated"
